ID;Code;Nummer;Jaar van uitgave;Datum uit;Datum verwacht;Datum terug;Opmerkingen
1548;AR;24609;2023;31/10/2025;28/11/2025;;
1547;KRC;18590;2003;28/10/2025;25/11/2025;26/11/2025;
1546;JC;24689;2025;27/10/2025;24/11/2025;10/11/2025;
1544;JX.1;23161;2001;23/10/2025;20/11/2025;13/11/2025;
1543;BM;24214;2019;03/10/2025;31/10/2025;14/11/2025;
1538;BJS;24668;2024;04/09/2025;02/10/2025;02/10/2025;doorgegeven door Oren
1541;H;24044;2019;29/08/2025;06/10/2025;25/11/2025;
1539;UTU.D;24316;2019;25/08/2025;06/10/2025;13/11/2025;
1537;ZB;24228;2008;19/08/2025;16/09/2025;16/09/2025;
1536;BM;24214;2019;29/07/2025;26/08/2025;30/09/2025;Verlengd tot 18/09/2025
1535;ZVP;23890;2017;18/07/2025;15/08/2025;18/08/2025;
1534;L;22897;2009;26/06/2025;25/07/2025;;CBOODMAN@ITG.BE
1533;ZVP;24674;2024;25/04/2025;26/05/2025;11/12/2025;verlengd tot 9/06/2025
1530;NT;1871;1955;22/04/2025;20/05/2025;02/05/2025;wvdamme@ext.itg.be
1531;LN;4936;1971;22/04/2025;20/05/2025;02/05/2025;"wvdamme@EXT.ITG;BE"
1529;BJS;24668;2024;28/03/2025;25/04/2025;04/09/2025;
1528;AE;18272M;1982;27/03/2025;24/04/2025;;
1527;JK.D;23994;2015;06/03/2025;03/04/2025;;
1525;BJS;23493;2009;10/02/2025;10/03/2025;31/07/2025;
1524;UBD;22891;2013;09/01/2025;06/02/2025;17/01/2025;
1523;LN.D;13179;1992;09/01/2025;06/02/2025;;
1522;K;24527;2022;03/01/2025;31/01/2025;07/01/2025;
1521;K;24291;2021;03/01/2025;31/01/2025;07/01/2025;
1520;SO;22000;2011;25/11/2024;23/12/2024;20/12/2024;
1519;BJS;23493;2009;08/11/2024;10/12/2024;15/01/2025;
1518;BJS;23127;2004;08/11/2024;10/12/2024;15/01/2025;
1517;BBW;17651;2001;09/10/2024;07/11/2024;09/10/2024;Zelfde dag teruggebracht.
1516;BA;23942;2017;26/09/2024;24/10/2024;26/11/2024;
1514;BBM;21951;2003;17/09/2024;15/10/2024;01/10/2024;
1513;DY;22555;2012;22/08/2024;22/09/2024;09/12/2024;rappel 3/12/2024
1512;EH;24208;2019;14/08/2024;16/09/2024;05/09/2024;
1511;XXU;20785;2008;12/08/2024;09/09/2024;06/09/2024;Student job immunology.
1510;CBE;24554;2020;30/07/2024;27/08/2024;26/08/2024;
1509;CBE;24331;2020;30/07/2024;27/08/2024;26/08/2024;
1508;CBE;23680;2015;30/07/2024;27/08/2024;26/08/2024;
1507;EA;23813;2016;02/07/2024;30/07/2024;19/08/2024;
1506;BJS;23493;2009;28/06/2024;26/07/2024;24/09/2024;rappel 24/09/24 Klaas Dewaele works at the Micobacteriology Unit (DBS). kdewaele@itg.be
1502;BBW;17651;2001;19/06/2024;22/07/2024;26/09/2024;rappel 24/09/24
1505;EA;23732;2016;18/06/2024;22/07/2024;19/08/2024;
1504;EA;24165;2019;18/06/2024;22/07/2024;19/08/2024;
1501;EA;23732;2016;18/06/2024;16/07/2024;19/08/2024;Uitgeleend door Lodewijk Van Dycke - a list of global health
1500;EA;24165;2019;18/06/2024;16/07/2024;19/08/2024;Uitgeleend door Lodewijk Van Dycke
1499;ER;21967;2008;03/06/2024;04/07/2024;07/06/2024;
1497;M;24217;2019;14/05/2024;11/06/2024;;verlengd onbepaald
1496;BJS;23349;2009;16/02/2024;15/03/2024;16/04/2024;Verlengd tot 16/04/2024
1494;EV;24148;2019;26/01/2024;23/02/2024;24/10/2024;VERLENGD TOT 1 NOV 2024 RAPPEL 2/05/2024-RAPPEL 24/09/24
1493;EB;24427;2021;25/01/2024;22/02/2024;24/10/2024;verlengd tot 1 nov 2024 APPEL 2/05/2024-RAPPEL 24/09/2024
1492;XO;24350;2021;23/01/2024;20/02/2024;06/05/2024;RAPPEL 2/05/2024
1491;EA;24604;2023;18/12/2023;30/01/2024;02/05/2024;RAPPEL 2/05/2024
1490;ER;17610;2000;12/12/2023;09/01/2024;09/01/2024;
1488;EB;23021;2012;28/11/2023;26/12/2023;13/05/2024;RAPPEL 2/05/2024
1487;QA;23230;2014;06/10/2023;03/11/2023;06/11/2023;
1486;QA;18379;2000;06/10/2023;03/11/2023;06/11/2023;
1485;5N;5N;1993;04/08/2023;01/09/2023;23/01/2024;DVD
1484;281F;281F;2009;04/08/2023;01/09/2023;23/01/2024;DVD
1483;H;24480;2021;19/07/2023;16/08/2023;12/08/2023;
1482;P.AM;4988/2;1969;16/05/2023;19/06/2023;;6/05/2024 VERLENGD UITZONDERLIJK ZO LANG NODIG / RAPPEL 2/05/2024
1481;P.AM;4988/1;1967;16/05/2023;19/06/2023;;6/05/2024 VERLENGD UITZONDERLIJK ZO LANG NODIG /RAPPEL 2/05/2024
1480;P.AM;2144/2;1957;16/05/2023;19/06/2023;;6/05/2024 VERLENGD UITZONDERLIJK ZO LANG NODIG /RAPPEL 2/05/2024
1479;P.AM;2144/1;1957;16/05/2023;19/06/2023;;6/05/2024 VERLENGD UITZONDERLIJK ZO LANG NODIG /RAPPEL 2/05/2024
1477;H;22638;2013;05/05/2023;02/06/2023;08/05/2023;zgestels@itg.be
1476;SO;24567;2023;19/04/2023;17/05/2023;;Book still needs to be processed.
1474;BB;24039;2018;18/04/2023;16/05/2023;19/05/2023;
1473;BA;23400;2014;18/04/2023;16/05/2023;19/05/2023;
1478;B;23043;2014;18/04/2023;12/06/2023;14/06/2023;Verlengd tot 16/06/2023, (geen code op boek?)
1475;AHX;23548;2015;18/04/2023;16/05/2023;14/06/2023;Verlengd tot 16/06/2023
1472;ZBC;24308;2020;21/03/2023;18/04/2023;29/03/2023;
1471;LN.D;13179;1992;06/03/2023;03/04/2023;02/10/2023;Rappel 21/06/2023
1470;SS;23147;2013;20/02/2023;21/03/2023;04/05/2023;katrien.vanhoye@skynet.be REISKLINIEK
1469;SO;23018;2013;09/02/2023;13/03/2023;13/02/2023;pragati@iphindia.org
1468;SOA;15098;1996;06/02/2023;06/03/2023;28/07/2023;Rappel 21/06/2023
1467;H;24481;2022;10/01/2023;07/02/2023;;RAPPEL 2/05/2024 RAPPEL 2023
1466;ZBC;24506;2022;20/12/2022;17/01/2023;13/01/2023;
1465;ZBC;24099;2016;20/12/2022;17/01/2023;13/01/2023;
1464;ZBC;18064;2002;20/12/2022;17/01/2023;13/01/2023;
1463;ZB;23677;2016;20/12/2022;17/01/2023;13/01/2023;
1462;D;24152;2004;20/12/2022;17/01/2023;13/01/2023;
1461;D;24131;2018;20/12/2022;17/01/2023;13/01/2023;
1460;AW;21420;2009;16/11/2022;15/12/2022;;RAPPEL 23
1459;SS;24017;2017;14/10/2022;11/11/2022;06/02/2023;katrien.vanhoye@skynet.be
1457;DY;22521;2012;13/10/2022;10/11/2022;14/11/2022;
1456;LF;24453;2021;11/08/2022;08/09/2022;;RAPPEL 2/05/2024 VERLENGD TOT 15/05/23 RAPPEL 24/09/2024
1455;SO.1;23406;2014;10/08/2022;08/09/2022;21/03/2023;RAPPEL 23
1453;ZBC;19082;1991;01/07/2022;29/07/2022;;RAPPEL 2/05/2024 RAPPEL 23 Werkt voor Epco Hasker in de Unit Trypanosoma van het Dept. Public Health.
1452;LN.D;13179;1992;23/06/2022;21/07/2022;;RAPPEL 23
1451;BBW;24432;2021;13/06/2022;11/07/2022;20/12/2022;Rappel 19/12/2022
1450;BBW;18483;2003;13/06/2022;11/07/2022;20/12/2022;Rappel 19/12/2022
1449;BBW;23806;2014;13/06/2022;11/07/2022;20/12/2022;Rappel 19/12/2022
1448;P.AM;4988 M;1969;23/05/2022;20/06/2022;15/05/2023;Biobank Coördinator
1447;HW;23844;2016;13/05/2022;10/06/2022;19/12/2022;Rappel 19/12/2022
1446;SO.1;22934;2013;29/03/2022;26/04/2022;02/01/2023;Rappel 19/12/2022
1445;J;24171;2020;10/03/2022;07/04/2022;23/09/2022;
1444;JD;24431;2021;22/02/2022;22/03/2022;23/02/2022;horstniels@gmail.com
1442;ZBC;24369;2020;28/01/2022;25/02/2022;25/03/2022;
1440;BJS;23127;2004;21/01/2022;18/02/2022;18/03/2022;
1439;BJT;19993;2007;14/12/2021;13/01/2022;11/01/2022;
1438;VDT;72;2003;24/11/2021;23/12/2021;25/11/2021;Gebonden volume
1436;LF.D;23262;2014;01/10/2021;01/11/2021;11/10/2021;
1432;ZVB;22200;2010;29/09/2021;28/10/2021;22/12/2022;Rappel 19/12/2022
1429;EA;18993;2004;20/09/2021;18/10/2021;05/10/2021;
1430;D;24305;2019;20/09/2021;18/10/2021;05/10/2021;
1428;BJC;23386;2015;16/09/2021;15/10/2021;01/10/2021;
1426;ZBC;24308;2020;01/09/2021;30/09/2021;20/09/2021;
1425;SON;23971;2016;02/08/2021;30/08/2021;10/03/2023;RAPPEL 23 Rappel 19/12/2022
1423;ZVM;20694;2007;29/07/2021;26/08/2021;;RAPPEL 23
1421;ZVM;19043;2005;29/07/2021;26/08/2021;29/07/2021;
1422;DY;20638 M;2002;29/07/2021;26/08/2021;;
1420;UBD;19566;2006;15/07/2021;16/08/2021;08/09/2021;
1419;EA;24414;2021;09/07/2021;06/08/2021;06/05/2024;
1418;NP;12888;1990;28/05/2021;28/06/2021;11/06/2021;
1415;EA;24414;2021;28/05/2021;28/06/2021;07/07/2021;
1413;K;24291;2021;07/05/2021;04/06/2021;17/06/2021;
1414;BBW;22241;2012;07/05/2021;04/06/2021;17/06/2021;
1412;EA;20921;2005;15/04/2021;13/05/2021;12/05/2021;
1411;EA;24344;2020;10/03/2021;08/04/2021;07/04/2021;
1410;DY;23442;2015;10/03/2021;08/04/2021;07/04/2021;
1409;BBW;23574;2015;22/02/2021;22/03/2021;;Rappel 19/12/2022, beweert dat het is teruggebracht? Niet teruggevonden. Staat niet op het rek op 2/02/2023
1408;AE;25211;2010;18/02/2021;18/03/2021;10/03/2021;
1406;ZBC;24370;2020;11/02/2021;11/03/2021;21/09/2021;
1405;ZBC;24369;2020;04/02/2021;04/03/2021;24/01/2022;
1404;XO;23793;2016;03/02/2021;04/03/2021;15/04/2021;Verlengd tot 30/04/2021
1403;XO;23226;2014;03/02/2021;04/03/2021;15/04/2021;Verlengd tot 30/04/2021
1401;BBW;16552;1997;27/01/2021;25/02/2021;22/02/2021;
1400;BBW;24326;2020;27/01/2021;25/02/2021;22/02/2021;CLINIC
1399;SP;14121;1992;13/01/2021;11/02/2021;10/01/2022;
1398;BJ;24042;2018;11/01/2021;08/02/2021;10/01/2022;
1441;ZB;17894;1990;10/12/2020;21/02/2022;24/01/2022;
1397;ZB;18714;2003;12/11/2020;10/12/2020;10/12/2020;
1396;ZB;18714;2003;27/10/2020;24/11/2020;24/11/2020;SECR
1395;UBD;16087;1997;15/10/2020;12/11/2020;16/11/2020;Magazijn
1394;ZBC;24091;2018;30/09/2020;29/10/2020;23/10/2020;
1393;ZBC;24308;2020;30/09/2020;29/10/2020;15/10/2020;
1392;ZBC;24320;2020;25/09/2020;23/10/2020;30/09/2020;
1391;ZVP;23890;2017;22/09/2020;20/10/2020;27/04/2023;RAPPEL 23 Rappel 20/12/2022
1385;ZBC;20728;2007;16/09/2020;15/10/2020;30/09/2020;
1388;LN.D;23138;2014;16/09/2020;15/10/2020;24/09/2020;
1387;LN.D;13179;1992;16/09/2020;15/10/2020;15/10/2020;
1384;LN.D;24009;2017;16/09/2020;15/10/2020;24/09/2020;
1389;LN;14693;1995;16/09/2020;15/10/2020;24/09/2020;
1386;LN;15572;1997;16/09/2020;15/10/2020;24/09/2020;
1383;ZB;17894;1990;15/09/2020;13/10/2020;10/12/2020;
1382;EA;23810;2016;30/07/2020;27/08/2020;23/11/2020;
1381;EA;23615;2002;30/07/2020;27/08/2020;23/11/2020;
1380;EA;23813;2016;30/07/2020;27/08/2020;23/11/2020;
1378;BJT;22265;2011;23/07/2020;20/08/2020;;RAPPEL 2/05/2024 RAPPEL 23 RAPPEL 19/12/2022
1379;BJC;24130;2019;23/07/2020;20/08/2020;;RAPPEL 2/05/2024 RAPPEL 23 RAPPEL 19/12/2022
1377;PY.D;24263;2019;29/05/2020;26/06/2020;26/06/2020;
1376;BA;15415;1997;19/05/2020;16/06/2020;;
1374;UB;21024;2008;15/05/2020;15/06/2020;04/06/2020;
1375;RS;18808;2004;15/05/2020;15/06/2020;04/06/2020;
1372;BJS;19078;1989;15/05/2020;15/06/2020;03/07/2020;
1371;BJS;23435;2009;15/05/2020;15/06/2020;03/07/2020;
1370;AW;23559;2015;05/05/2020;02/06/2020;;
1369;ZVM;24210;2019;30/04/2020;28/05/2020;02/06/2020;Verlengd tot 2/06/2020
1368;ZJ;24274;2018;30/04/2020;28/05/2020;28/05/2020;
1367;ZVP;42413;2019;03/04/2020;01/05/2020;28/05/2020;Verlengd tot 4/05/2020
1366;KNM;15503;1993;24/03/2020;23/04/2020;29/05/2020;Rappel 25/05/2020
1363;ZVO;24218;2007;16/03/2020;13/04/2020;15/05/2020;
1359;ZVM;21590;2010;16/03/2020;13/04/2020;15/05/2020;
1358;ZVM;20706;2007;16/03/2020;13/04/2020;15/05/2020;
1364;ZVM;24035;2018;16/03/2020;13/04/2020;15/05/2020;
1360;SO;19179;2004;16/03/2020;13/04/2020;15/05/2020;
1362;SO;19456;2005;16/03/2020;13/04/2020;15/05/2020;
1357;BM;17186;1996;10/03/2020;08/04/2020;31/03/2020;
1356;EA;16513;1999;05/03/2020;02/04/2020;16/03/2020;
1355;LR.D;13175;1992;21/02/2020;20/03/2020;;Rappel 25/05/2020
1353;EA;23813;2016;07/02/2020;09/03/2020;05/06/2020;Rappel 25/05/2020
1352;UR;22178;2011;31/01/2020;28/02/2020;17/02/2020;
1347;SO.1;23236;2014;29/01/2020;27/02/2020;;Rappel 29/07/2020
1351;SO;24146;2019;29/01/2020;27/02/2020;;Rappel 25/05/2020, 2e rappel 29/07/2020
1350;SO;24143;2019;29/01/2020;27/02/2020;26/06/2020;Rappel 25/05/2020
1349;SO;24134;2018;29/01/2020;27/02/2020;14/02/2020;
1348;SO;23864;2016;29/01/2020;27/02/2020;14/02/2020;
1346;SO;22156;2009;29/01/2020;27/02/2020;14/02/2020;
1345;SO;19364;2005;29/01/2020;27/02/2020;14/02/2020;
1344;NDI;20931;2007;28/01/2020;25/02/2020;19/02/2020;
1337;HI;22725;2013;22/01/2020;22/02/2020;;Rappel 1:  25/05/2020, rappel 2: 29/07/2020, rappel 3: 20/12/2022
1336;ZVP;24211;2018;17/01/2020;17/02/2020;03/03/2020;
1342;RNA;21070;2008;09/01/2020;20/02/2020;07/02/2020;Unit Johan Van Griensven
1343;UR;23827;2017;07/01/2020;07/02/2020;31/01/2020;Verlengd tot 17/02/2020
1339;SON;23971;2016;06/01/2020;06/02/2020;29/05/2020;Rappel 25/02/2020
1335;SOE;23567;2015;21/11/2019;19/12/2019;17/07/2020;Verlengd tot 26/08/20
1334;SOE;23136;2014;21/11/2019;19/12/2019;17/07/2020;Verlengd tot 26/08/20
1333;SOE;22921;2012;21/11/2019;19/12/2019;16/03/2020;
1332;JC;20818;2008;19/11/2019;17/12/2019;;Verlengd tot 27/08/20, rappel 19/12/2022
1331;JC;20820;2008;19/11/2019;17/12/2019;;Verlengd tot 27/08/20, rappel 19/12/2022
1330;SJA;24108;2018;14/10/2019;25/11/2019;;Rappel 1: 25/05/2020, rappel 2: 29/07/2020, rappel 3: 20/12/2022
1320;ZVM;24035;2018;23/09/2019;24/10/2019;17/10/2019;
1317;UWE;16233;1998;11/09/2019;24/10/2019;;Rappel 25/05/2020 (ex-collega?)
1316;UWE;14396;1994;11/09/2019;24/10/2019;;Rappel 25/05/2020 (ex-collega?)
1319;KRC;23995;2018;11/09/2019;24/10/2019;23/09/2019;
1314;QA;23230;2014;04/09/2019;24/10/2019;25/11/2019;
1327;SOD;18773;2004;08/08/2019;03/02/2020;16/03/2020;Verlengd tot 15/02/2020
1326;SOD;22656;2013;08/08/2019;03/02/2020;16/03/2020;Verlengd tot 15/02/2020
1325;SOD;21276;2009;08/08/2019;03/02/2020;16/03/2020;Verlengd tot 15/02/2020
1324;SOD;19374;2005;08/08/2019;03/02/2020;16/03/2020;Verlengd tot 15/02/2020
1323;SOD;22253;2011;08/08/2019;03/02/2020;16/03/2020;Verlengd tot 15/02/2020
1328;BEK;12626;1990;08/08/2019;24/10/2019;03/10/2019;
1329;EB;24123;2010;06/08/2019;24/10/2019;;Rappel 1: 25/05/2020, rappel 2: 28/07/2020, rappel 3: 20/12/2022
1322;EB;17397;2002;06/08/2019;24/10/2019;;Rappel 1: 25/05/2020, rappel 2: 28/07/2020, rappel 3: 20/12/2022
1311;NO;17448;2001;23/07/2019;20/08/2019;30/08/2019;
1309;HWE;17166;2001;11/07/2019;08/08/2019;25/09/2019;
1308;HWE;20709;2008;11/07/2019;08/08/2019;25/09/2019;
1306;HWE;22831;2014;11/07/2019;08/08/2019;25/09/2019;
1310;HW;21651;2010;11/07/2019;08/08/2019;25/09/2019;
1305;J.J.;21695;2010;25/04/2019;01/09/2019;11/06/2019;
1303;LF.Q;9515 M;1956;23/04/2019;30/06/2019;10/03/2020;
1302;LF.Q;2953 M;1961;23/04/2019;30/06/2019;10/03/2020;
1301;LF.Q;1464 M;1949;23/04/2019;30/06/2019;10/03/2020;
1300;RS;24127;2018;15/04/2019;30/06/2019;26/11/2019;
1298;ZVM;23960;2003;11/04/2019;30/06/2019;03/06/2020;Rappel 25/05/2020
1299;EV;24076;2018;11/04/2019;30/06/2019;03/06/2020;Rappel 25/05/2020
1297;RS;19806;2007;01/04/2019;30/06/2019;31/05/2019;
1296;RS;23057;2013;01/04/2019;30/06/2019;31/05/2019;
1295;RS;18809;2004;01/04/2019;30/06/2019;31/05/2019;
1294;QH;19682;2004;19/03/2019;30/06/2019;22/11/2019;
1293;LQ;23932;2018;15/03/2019;15/04/2019;19/03/2019;
1291;LF.2;23845;2017;15/03/2019;15/04/2019;19/03/2019;
1292;KRC.1;23873;2017;15/03/2019;15/04/2019;19/03/2019;
1289;DY;21157;1926;13/03/2019;30/06/2019;11/04/2019;
1288;D;22605;2007;13/03/2019;10/04/2019;11/04/2019;
1287;HI;23880;2018;12/03/2019;30/06/2019;27/07/2020;Rappel 25/05/2020, 2e rappel 23/07/2020
1283;EB;11877;1988;11/03/2019;08/04/2019;21/03/2019;
1284;DY;19589;1933;11/03/2019;08/04/2019;21/03/2019;
1282;DY;22373;2011;11/03/2019;08/04/2019;21/03/2019;
1286;D;23324;1994;11/03/2019;08/04/2019;21/03/2019;
1285;D;19583;1965;11/03/2019;08/04/2019;21/03/2019;
1281;QA;23985;2018;08/03/2019;30/06/2019;12/07/2019;rappel 10/07/2019
1280;D;23366;2011;08/03/2019;30/06/2019;26/11/2019;
1279;CBE;21030;2007;08/03/2019;30/06/2019;12/07/2019;
1278;CBE;23852;2016;08/03/2019;30/06/2019;26/11/2019;
1275;ZV;23300;2013;25/02/2019;25/03/2019;19/04/2019;rappel 04/'19
1277;KRC;18590;2003;25/02/2019;25/03/2019;19/04/2019;rappel 04/'19
1276;KRC;21049;2008;25/02/2019;25/03/2019;19/04/2019;rappel 04/'19
1271;ZYI;14921;1995;12/02/2019;01/09/2019;15/11/2019;VERLENGD rappel 04/'19
1274;RS;19806;2007;12/02/2019;13/03/2019;01/04/2019;
1273;RS;23057;2013;12/02/2019;13/03/2019;01/04/2019;
1269;ZVM;24035;2018;29/01/2019;27/02/2019;17/04/2019;
1267;CB;23575;2005;14/01/2019;11/02/2019;08/03/2019;
1265;RS;22741;2012;03/01/2019;31/01/2019;08/02/2019;
1266;QA;23985;2018;03/01/2019;31/01/2019;08/02/2019;
1264;BBW;21264;2007;11/12/2018;08/01/2019;24/01/2019;
1262;RNA;21070;2008;10/12/2018;08/01/2019;24/01/2019;
1263;QA;18969;2004;10/12/2018;08/01/2019;24/01/2019;
1261;BBW;21975;2011;10/12/2018;08/01/2019;24/01/2019;
1260;RS;23057;2013;06/12/2018;03/01/2019;03/01/2019;
1259;J.J.;21695;2010;05/12/2018;02/01/2019;25/04/2019;rappel 04/'19
1255;ZVM;23950;2018;02/10/2018;30/10/2018;05/12/2018;
1258;JI;10311;1984;02/10/2018;30/10/2018;05/12/2018;
1257;JI;21586;2010;02/10/2018;30/10/2018;05/12/2018;
1256;JI;7718;1977;02/10/2018;30/10/2018;05/12/2018;
1254;SP;23733;2016;25/09/2018;23/10/2018;09/10/2018;
1253;HW;23289;2012;25/07/2018;24/08/2018;11/09/2018;
1252;RNA;20597;2007;10/07/2018;07/08/2018;11/09/2018;
1251;RNA;17336;2000;10/07/2018;07/08/2018;11/09/2018;
1250;BJS;23532;2012;10/07/2018;07/08/2018;11/09/2018;
1248;SO;22553;2012;25/06/2018;01/10/2018;24/10/2018;rappel 24/10/2018
1245;LQ.2;25002;1994;02/05/2018;01/10/2018;25/10/2018;rappel 24/10/2018
1244;LQ;9923;1983;02/05/2018;01/10/2018;25/10/2018;rappel 24/10/2018
1243;L.Q;1057 M;1938;24/04/2018;01/02/2019;23/04/2019;rappel 04/'19
1240;MH;25009;1995;13/04/2018;11/05/2018;26/04/2018;
1242;L.Q.;23632;2016;13/04/2018;11/05/2018;26/04/2018;
1239;KPH;20975;2008;13/04/2018;01/10/2018;15/11/2019;Rappel 04/'19
1238;SC;12008;1986;28/03/2018;25/04/2018;26/04/2018;
1237;NT;15882;1998;26/03/2018;01/10/2018;23/01/2019;rappel 24/10/2018
1235;KPD;23256;2014;20/03/2018;01/10/2018;23/01/2019;rappel 24/10/2018
1219;K;11308;1987;19/03/2018;30/06/2018;02/05/2018;uitleen voor 3 maanden
1236;BJC;23124;2014;19/03/2018;17/04/2018;11/09/2018;
1234;HI;22631;2012;15/03/2018;12/04/2018;15/05/2018;
1233;HI;23675;2016;15/03/2018;12/04/2018;15/05/2018;
1232;Ref;;2000;05/03/2018;02/04/2018;13/03/2018;World Health Report 2010. peter.hill@dph.uq.edu.zu. Werkt bij WVD
1231;Ref;;2008;05/03/2018;02/04/2018;13/03/2018;World Health Report 2008. peter.hill@dph.uq.edu.zu. Werkt bij WVD
1230;Ref;;2010;05/03/2018;02/04/2018;13/03/2018;World Health Report 2010. peter.hill@dph.uq.edu.zu. Werkt bij WVD
1229;SC;12008;1986;01/03/2018;29/03/2018;27/03/2018;
1228;MK;9733;1982;01/03/2018;29/03/2018;27/03/2018;
1225;M;14571;1995;21/02/2018;21/02/2018;01/03/2018;
1226;GK;14299;1994;21/02/2018;21/03/2018;01/03/2018;vol. 2
1224;HI;23880;2018;20/02/2018;20/03/2018;15/06/2018;
1221;MI.G;12263;1989;15/02/2018;15/03/2018;21/02/2018;
1222;M;14190;1991;15/02/2018;15/03/2018;21/02/2018;
1223;J;15580/5;1998;15/02/2018;15/03/2018;21/02/2018;
1220;BA;23946;2017;15/02/2018;01/10/2018;25/11/2019;rappel 04/'19
1218;UB;17128;2001;23/01/2018;20/02/2018;07/05/2018;
1216;EB.AK;21274;2008;17/01/2018;15/02/2018;24/07/2018;
1217;EB;22795;2013;17/01/2018;15/02/2018;24/07/2018;
1213;RNA;23919;20120;07/12/2017;07/12/2018;23/04/2019;Rappel 04/'19
1215;HW;23225;2014;07/12/2017;01/10/2018;26/11/2018;rappel 24/10/2018
1214;HW;23080;2014;07/12/2017;01/10/2018;26/11/2018;rappel 24/10/2018
1212;J;23102;2014;01/12/2017;05/01/2018;25/01/2018;
1209;XO;23190;2013;06/11/2017;06/11/2018;17/06/2019;rappel 04/'19 GEEN ITM MEER thysev@outlook.com
1208;XO;23166;2012;06/11/2017;06/11/2018;17/06/2019;rappel 04/'19 GEEN ITM MEER thysev@outlook.com
1207;XO;23240;2012;06/11/2017;06/11/2018;17/06/2019;rappel 04/'19 GEEN ITM MEER thysev@outlook.com
1210;JC.Q;22667;2012;06/11/2017;04/12/2017;02/01/2018;
1206;RNA;22522;2011;26/10/2017;23/11/2017;25/10/2018;rappel 24/10/2018
1204;QD;15149;1996;24/10/2017;21/11/2017;26/02/2019;rappel 24/10/2018
1203;QD;15942;1997;24/10/2017;21/11/2017;23/11/2017;
1201;HW;21651;2010;20/10/2017;17/11/2017;24/10/2017;
1199;SO;22984;2013;29/09/2017;27/10/2017;22/07/2019;
1198;SO;23650;2016;22/09/2017;20/10/2017;25/10/2017;
1197;EH.1;23870;2017;22/09/2017;20/10/2017;25/10/2017;
1196;EA;22970;2013;22/09/2017;20/10/2017;25/10/2017;
1195;EA;23603;2016;22/09/2017;20/10/2017;25/10/2017;
1194;CBE;23852;2016;22/09/2017;20/10/2017;25/10/2017;
1193;AW;23559;2015;12/09/2017;10/10/2017;24/01/2018;
1191;HI;23880;2018;06/09/2017;04/10/2017;23/01/2018;
1189;JN.D;20093;1999;31/08/2017;28/09/2017;20/09/2017;
1188;JN.D;20012/1;1976;31/08/2017;28/09/2017;20/09/2017;
1187;JN.D;20012/2;1976;31/08/2017;28/09/2017;20/09/2017;
1190;DU;22554;2011;31/08/2017;28/09/2017;20/09/2017;
1185;SOCA;23831;2016;24/08/2017;21/09/2017;21/09/2017;VERLENGD
1184;RS;23815;2016;24/08/2017;21/09/2017;22/07/2019;
1182;J;23345;2014;21/08/2017;18/09/2017;24/10/2017;
1181;LN;20409;2000;02/08/2017;01/09/2017;02/08/2017;Magazijn
1180;UVVC;17966;2001;25/07/2017;22/08/2017;23/01/2018;
1179;UVVC;19328;2005;25/07/2017;22/08/2017;26/02/2018;
1178;BA;18888;1998;25/07/2017;22/08/2017;;VERLOREN
1177;BA;22951;2013;25/07/2017;22/08/2017;07/12/2018;rappel 24/10/2018
1176;PYE;21147;2008;20/07/2017;31/12/2017;07/03/2018;VERLENGD
1175;PYE;13303;1992;20/07/2017;31/12/2017;29/01/2018;
1174;PYE;13005;1991;20/07/2017;31/12/2017;07/03/2018;VERLENGD
1173;PYE;14799;1995;20/07/2017;31/12/2017;07/03/2018;VERLENGD
1171;HD;11472;1985;20/07/2017;17/08/2017;31/07/2017;
1170;HD;11867;1986;20/07/2017;17/08/2017;31/07/2017;
1169;EA;23103;2014;17/07/2017;01/09/2017;08/09/2017;Uitgeleend tot 1/9/2017
1168;MH.7;10734;1985;27/06/2017;25/07/2017;16/08/2017;
1166;LF.Q;9515;1956;23/06/2017;21/07/2017;01/08/2017;Magazijn
1167;L.Q;1057;1938;23/06/2017;21/07/2017;01/08/2017;Magazijn
1165;UVVC;20131;2000;20/06/2017;18/07/2017;17/11/2017;Magazijn
1164;BA;22986;2014;20/06/2017;18/07/2017;17/11/2017;
1163;BA;23326;2012;20/06/2017;18/07/2017;17/11/2017;
1162;KRB;16265;1999;19/06/2017;18/07/2017;03/07/2017;
1157;UTU.D;22355;2005;13/06/2017;31/12/2017;04/10/2017;langere leentermijn voor lessenreeks
1156;UTU.D;14568;1994;13/06/2017;31/12/2017;04/10/2017;langere leentermijn voor lessenreeks
1161;D;23311;2008;13/06/2017;31/12/2017;04/10/2017;langere leentermijn voor lessenreeks
1160;D;22109;2010;13/06/2017;31/12/2017;04/10/2017;langere leentermijn voor lessenreeks
1159;D;22124;2010;13/06/2017;31/12/2017;04/10/2017;langere leentermijn voor lessenreeks
1158;D;21556;2009;13/06/2017;31/12/2017;04/10/2017;langere leentermijn voor lessenreeks
1155;BA;23867;2011;09/06/2017;31/10/2017;21/11/2017;
1154;HW.E;23855;2017;24/05/2017;21/06/2017;28/08/2017;
1153;ZVM;23843;2013;21/04/2017;19/05/2017;18/08/2017;
1152;EB.D;21688;2009;11/04/2017;09/05/2017;10/05/2017;
1151;EA;12121;1988;11/04/2017;09/05/2017;10/05/2017;
1150;EA;23354;2014;11/04/2017;09/05/2017;10/05/2017;
1149;UB;23180;2014;07/04/2017;31/05/2017;06/06/2017;VERLENGD (MISSIE)
1147;Acta Zool Path Antverp;47-49;1968;06/04/2017;04/05/2017;12/05/2017;
1145;LQ.1;11393;1986;02/03/2017;30/03/2017;13/05/2019;Rappel 04/'19
1144;LQ;20906;2008;02/03/2017;30/03/2017;13/05/2019;Rappel 04/'19
1143;LQ;16283;1999;02/03/2017;30/03/2017;13/05/2019;Rappel 04/'19
1142;EB;23088;2013;16/02/2017;16/03/2017;27/03/2017;
1141;BBW;14876;1996;03/02/2017;03/03/2017;03/02/2017;
1140;BBW;22152;2010;03/02/2017;03/03/2017;16/02/2017;
1137;ER;21967;2008;27/01/2017;24/02/2017;16/02/2017;
1138;EB;23088;2013;27/01/2017;24/02/2017;16/02/2017;Gereserveerd door Jeroen de Man
1136;EA;23612;2015;27/01/2017;24/02/2017;12/05/2017;2x Rappel
1133;JS;21171;2007;19/01/2017;01/06/2017;12/11/2019;Rappel 04/'19
1132;JS;7835;1977;19/01/2017;01/06/2017;12/11/2019;Rappel 04/'19
1134;J;22360;2012;19/01/2017;01/06/2017;12/11/2019;Rappel 04/'19
1131;EH;22456;2012;17/01/2017;31/05/2017;;VERLOREN
1129;SS;23766;2015;13/01/2017;10/02/2017;25/01/2017;
1130;N;13372;1992;13/01/2017;10/02/2017;25/01/2017;
1128;BCC;22080;2011;12/01/2017;09/02/2017;22/02/2017;
1126;ZVU;22588;2012;11/01/2017;08/02/2017;16/01/2017;
1124;CBN;14616;1995;12/12/2016;28/04/2017;16/05/2017;VERLENGD
1123;ZVP;22277;2011;08/12/2016;05/01/2017;24/02/2017;
1122;BDS;21319;2008;25/11/2016;31/03/2017;10/03/2017;VERLENGD
1121;BDS;13539;1992;25/11/2016;31/03/2017;10/03/2017;VERLENGD
1120;B;23622;2014;25/11/2016;23/12/2016;22/12/2016;
1119;B;23614;2014;25/11/2016;23/12/2016;22/12/2016;
1118;EB;18019;2002;21/11/2016;19/12/2016;21/12/2016;
1117;EB;17280;2001;21/11/2016;19/12/2016;21/12/2016;
1116;HWS;15603;1998;17/11/2016;15/12/2016;20/12/2016;
1114;K;22387;2013;31/10/2016;28/11/2016;28/11/2016;
1113;K;23549;2016;31/10/2016;28/11/2016;28/11/2016;
1112;K;23168;2013;31/10/2016;28/11/2016;03/01/2017;VERLENGD
1111;CBE;21375;2009;28/10/2016;31/05/2017;18/08/2017;3xVERLENGD (MISSIE)
1109;ND;23600;2010;24/10/2016;31/12/2016;19/12/2016;VERLENGD
1110;N;21786;2010;24/10/2016;31/12/2016;19/12/2016;VERLENGD
1108;RS;16011;1997;19/10/2016;16/11/2016;21/12/2016;
1107;EB;22936;2012;19/10/2016;31/01/2017;24/02/2017;VERLENGD
1106;B;23622;2014;18/10/2016;15/11/2016;25/11/2016;
1105;B;23614;2014;18/10/2016;15/11/2016;25/11/2016;
1104;QA;22619;2009;12/10/2016;01/02/2017;;VERLOREN
1103;Ann Soc Belg Med Trop;69;1989;05/10/2016;02/11/2016;07/10/2016;
1102;NR;1737;1952;29/09/2016;27/10/2016;30/09/2016;3 volumes
1101;RS;17696;1999;27/09/2016;25/10/2016;19/10/2016;
1100;RS;13448;1991;27/09/2016;25/10/2016;19/10/2016;
1099;XH;10863;1985;09/09/2016;07/10/2016;20/09/2016;
1098;XE;19670;2006;26/08/2016;07/10/2016;09/09/2016;VERLENGD
1097;ZQ;7230;1967;25/08/2016;22/09/2016;03/11/2016;
1096;QA;22619;2009;19/08/2016;16/09/2016;12/10/2016;
1095;XH;20847;2009;18/08/2016;15/09/2016;24/08/2016;
1094;H;22676;2013;08/08/2016;05/09/2016;11/10/2016;
1093;H;23489;2016;08/08/2016;05/09/2016;03/10/2016;
1092;H;22201;2012;08/08/2016;05/09/2016;11/10/2016;
1091;SS;20521;2007;02/08/2016;30/08/2016;01/12/2016;
1090;EB;22795;2012;01/08/2016;29/08/2016;09/08/2016;
1085;RNA;21070;2008;26/07/2016;01/09/2017;15/01/2018;VERLENGD
1084;QA;23230;2014;26/07/2016;01/09/2017;15/01/2018;VERLENGD
1088;KPH;23442;2016;26/07/2016;23/08/2016;18/08/2016;
1086;BBW;21264;2007;26/07/2016;01/09/2017;15/01/2018;VERLENGD wegens gebruik lessen
1083;BA;21649;2010;26/07/2016;01/09/2017;15/01/2018;VERLENGD
1082;CA;8619;1979;22/06/2016;20/07/2016;;VERLOREN
1081;CA;14311/2;1992;22/06/2016;20/07/2016;;VERLOREN
1080;ZBC;16005;1998;08/06/2016;07/07/2016;28/07/2016;
1079;CBE;21375;2009;07/06/2016;06/09/2016;28/10/2016;3xVERLENGD
1078;ZVB;22196;2008;01/06/2016;29/06/2016;04/07/2016;PhD Koen Peeters
1074;RNA;21070;2008;31/05/2016;28/07/2016;26/07/2016;VERLENGD
1075;QA;23230;2014;31/05/2016;28/07/2016;26/07/2016;VERLENGd
1077;BCB;22818;2012;31/05/2016;28/06/2016;29/06/2016;
1073;BBW;21264;2007;31/05/2016;28/07/2016;26/07/2016;VERLENGD
1076;BA;21649;2010;31/05/2016;28/07/2016;26/07/2016;VERLENGD
1071;SS;22723;2013;27/05/2016;24/06/2016;07/06/2016;
1070;KNM;15503;1993;26/05/2016;23/06/2016;29/06/2016;
1069;EA;22957;2008;26/05/2016;23/06/2016;29/06/2016;
1068;SO;16809;1998;25/05/2016;22/06/2016;05/07/2016;Magazijn
1067;KPH;20975;2008;10/05/2016;31/12/2016;01/12/2016;Verlengd (missie)
1066;BJC;14317;1994;09/05/2016;30/05/2016;10/06/2016;
1065;AP;22816;2010;28/04/2016;19/05/2016;02/05/2016;
1064;AP;21915;2010;28/04/2016;19/05/2016;02/05/2016;
1063;B;23614;2014;20/04/2016;11/05/2016;02/05/2016;
1062;BA;22780;2012;18/03/2016;08/04/2016;02/05/2016;
1061;AW;23559;2015;16/03/2016;01/06/2016;11/05/2016;VERLENGD
1057;LF.3;892;1937;08/03/2016;29/03/2016;31/03/2016;
1058;EB;13771;1992;08/03/2016;29/03/2016;31/03/2016;
1059;CB;23575;2015;08/03/2016;29/03/2016;23/03/2016;
1055;SS;22258;2010;04/03/2016;25/03/2016;22/04/2016;
1054;SS;21481;2009;04/03/2016;25/03/2016;07/10/2016;3x rappel
1053;SS;21821;2010;04/03/2016;25/03/2016;22/04/2016;
1052;HI;22402;2011;04/03/2016;25/03/2016;22/04/2016;
1051;SO;23581;2016;03/03/2016;24/03/2016;13/04/2016;Nog niet in ERL
1050;ER;21967;2008;03/03/2016;29/04/2016;26/05/2016;VERLENGD
1049;KRC;21245;2010;24/02/2016;16/03/2016;05/04/2016;Magazijn
1048;KRC;22612;2012;24/02/2016;16/03/2016;05/04/2016;
1047;KRC;22964;2014;24/02/2016;16/03/2016;05/04/2016;
1046;RNA;21070;2008;23/02/2016;15/03/2016;07/04/2016;
1045;DZ;22953;2012;19/02/2016;11/03/2016;08/03/2016;
1044;M.1;12870;1991;18/02/2016;10/03/2016;19/02/2016;
1043;EA;23536;2016;17/02/2016;31/05/2016;28/07/2016;VERLENGD
1042;ZVM;22925;2005;15/02/2016;08/03/2016;04/04/2016;
1041;KPH;20975;2008;12/02/2016;11/04/2016;10/05/2016;VERLENGD
1038;MU.B;12962;1987;10/02/2016;02/03/2016;10/02/2016;
1037;ZVB;22404;2005;08/02/2016;29/02/2016;10/03/2016;
1036;ZVB;22290;2010;08/02/2016;29/02/2016;08/03/2016;
1035;ZVB;22975;2014;08/02/2016;29/02/2016;08/03/2016;
1034;ZVB;22187;2003;08/02/2016;29/02/2016;10/03/2016;
1033;BA;23400;2014;02/02/2016;31/05/2016;19/04/2016;VERLENGD
1029;NGT;10589;1985;01/02/2016;22/02/2016;11/02/2016;
1030;NC.J;15275;1996;01/02/2016;22/02/2016;11/02/2016;
1031;N;21265;2009;01/02/2016;22/02/2016;11/02/2016;
1027;ER;21967;2008;29/01/2016;19/02/2016;03/03/2016;
1026;ER;21938;2011;29/01/2016;19/02/2016;03/03/2016;
1028;BBM;21951;2003;29/01/2016;19/02/2016;03/03/2016;
1024;PMD;22062;2011;22/01/2016;12/02/2016;19/02/2016;
1020;ZVB;23496;2014;12/01/2016;22/02/2016;08/03/2016;
1019;ZVB;15056;1996;12/01/2016;22/02/2016;08/03/2016;
1018;ZVB;21751;2003;12/01/2016;22/02/2016;08/03/2016;
1023;ZR;22008;2011;12/01/2016;22/02/2016;08/03/2016;
1022;ZJ;22635;2011;12/01/2016;30/06/2017;;Rappel 04/'19, 2e rappel 27/07/2020, rappel 3: 19/12/2022
1021;UJ;16099;1995;12/01/2016;30/06/2017;;Rappel 04/'19, 2e rappel 27/07/2020, rappel 3: 19/12/2022
1015;UJCB;22855;2011;05/01/2016;30/03/2016;29/03/2016;VERLENGD
1016;QA;5917;1968;05/01/2016;31/05/2016;26/04/2016;VERLENGD
1013;ZVP;23409;1980;24/12/2015;01/03/2016;16/03/2016;VERLENGD
1014;UJ;22611;2012;24/12/2015;01/03/2016;16/03/2016;VERLENGD
1012;SOD;22044;2011;11/12/2015;29/01/2016;28/04/2016;
1011;SOD;19127;2005;11/12/2015;29/01/2016;28/04/2016;
1010;SOD;21407;2009;11/12/2015;29/01/2016;28/04/2016;
1008;KPH;20975;2008;11/12/2015;01/03/2016;12/02/2016;
1009;JX;15934;1990;11/12/2015;29/01/2016;11/02/2016;
1007;BJC;22300;2011;11/12/2015;29/01/2016;16/03/2016;
1004;HWE;22831;2014;10/12/2015;29/01/2016;01/02/2016;
1003;HI;22725;2013;10/12/2015;29/01/2016;01/02/2016;
1002;BJT;23346;2014;09/12/2015;29/01/2016;28/01/2016;
1001;KRC;22612;2012;07/12/2015;28/12/2015;27/01/2016;
1000;H;22676;2013;25/11/2015;16/12/2015;11/12/2015;
999;H;22201;2012;25/11/2015;16/12/2015;11/12/2015;
998;SJA;15928;1998;17/11/2015;08/12/2015;26/11/2015;
996;BJS;21086;2008;09/11/2015;30/11/2015;03/12/2015;
994;HWE;22831;2014;06/11/2015;27/11/2015;10/12/2015;
995;HI;22725;2013;06/11/2015;27/11/2015;10/12/2015;
993;H;22792;2013;06/11/2015;27/11/2015;12/11/2015;
991;L.J;19316;2004;03/11/2015;24/11/2015;09/12/2015;
992;BJT;23346;2014;03/11/2015;24/11/2015;09/12/2015;
990;IO;8481;1978;02/11/2015;23/11/2015;06/11/2015;
989;IO;7912;1978;02/11/2015;23/11/2015;06/11/2015;
988;IO;2199;1958;02/11/2015;23/11/2015;06/11/2015;
986;K;23437;2015;30/10/2015;23/11/2015;15/12/2015;
983;ZVB;22975;2014;27/10/2015;18/11/2015;19/11/2015;
984;ZV;23229;2014;27/10/2015;18/11/2015;19/11/2015;
985;ZR;21561;2010;27/10/2015;18/11/2015;19/11/2015;
982;SOD;19325;2005;16/10/2015;29/10/2015;30/10/2015;
981;RS;23057;2013;15/10/2015;05/11/2015;10/11/2015;
979;RNR;22842;2013;13/10/2015;03/11/2015;09/11/2015;
978;UI;19903;2006;09/10/2015;30/10/2015;;VERLOREN
977;UI;21922;2011;09/10/2015;30/10/2015;;VERLOREN
976;B;22053;2011;08/10/2015;29/10/2015;09/11/2015;
975;SOCA;19458;2006;05/10/2015;01/06/2016;;VERLOREN
974;SOCA;23231;2015;05/10/2015;18/04/2016;09/05/2016;VERLENGD
972;SOC;19367;2005;05/10/2015;18/04/2016;09/05/2016;VERLENGD
969;SOC;22877;2014;05/10/2015;18/04/2016;09/05/2016;VERLENGD
971;SO;16865;2001;05/10/2015;18/04/2016;09/05/2016;VERLENGD
970;SO;19364;2005;05/10/2015;18/04/2016;09/05/2016;VERLENGD
973;SO;22945;2012;05/10/2015;29/01/2016;02/03/2016;
967;JX.1;23161;2001;02/10/2015;23/10/2015;13/10/2015;
968;H;22792;2013;02/10/2015;29/01/2016;25/02/2016;VERLENGD met enkele weken
958;SOC;22348;2012;30/09/2015;21/10/2015;23/10/2015;
959;SO;22678;2012;30/09/2015;21/10/2015;23/10/2015;
960;KNM;15503;1993;30/09/2015;21/10/2015;23/10/2015;
961;SOD;22459;2010;25/09/2015;24/10/2015;23/02/2016;
962;SO;22153;2011;25/09/2015;24/12/2015;02/03/2016;
966;SO;21516;2010;25/09/2015;22/10/2015;05/10/2015;
965;SO;23003;2013;25/09/2015;22/10/2015;05/10/2015;
964;SO;22262;2011;25/09/2015;22/10/2015;05/10/2015;
963;D;22350;2008;25/09/2015;24/12/2015;29/01/2016;
957;BJC;17143;2000;25/09/2015;09/01/2017;;rappel 24/10/2018 VERLENGD, 2e rappel 27/07/2020
956;BJC;13230;1991;25/09/2015;09/01/2017;;rappel 24/10/2018 VERLENGD, 2e rappel 27/07/2020
955;KPH;20975;2008;22/09/2015;24/12/2015;11/12/2015;
953;UBD;22604;2011;21/09/2015;12/10/2015;24/11/2015;
954;JX;15934;1990;21/09/2015;24/12/2015;11/12/2015;
952;EA;9349;1980;21/09/2015;12/10/2015;24/11/2015;
950;SS;22345;2012;18/09/2015;09/10/2015;13/10/2015;
949;BJC;22300;2011;18/09/2015;24/12/2015;11/12/2015;
947;H;22228;2012;16/09/2015;07/10/2015;02/10/2015;
946;H;22676;2013;16/09/2015;07/10/2015;02/10/2015;
948;BJC;22641;2012;16/09/2015;07/10/2015;02/10/2015;
945;KRC;21143;2009;09/09/2015;30/09/2015;07/10/2015;
943;BBW;13873;1993;09/09/2015;30/09/2015;07/10/2015;
944;BBM;22363;2011;09/09/2015;30/09/2015;07/10/2015;
941;JCU.1;22627;2012;03/09/2015;24/09/2015;24/12/2015;Externe student
942;JCU;16581;2000;03/09/2015;24/09/2015;24/12/2015;Externe student
940;JCU;21314;2009;03/09/2015;24/09/2015;24/12/2015;Externe student
939;JCU;21673;2010;03/09/2015;24/09/2015;24/12/2015;Externe student
938;JC;20900;2007;03/09/2015;24/09/2015;24/12/2015;Externe student
934;SO;22269;2009;25/08/2015;15/09/2015;24/09/2015;rappel 18+25/9
937;QHS;20960;2007;25/08/2015;15/09/2015;16/09/2015;
936;QHS;19751;2006;25/08/2015;15/09/2015;16/09/2015;
935;J;23120;2015;25/08/2015;15/09/2015;16/09/2015;
932;ER;19970;2004;19/08/2015;09/09/2015;21/08/2015;
933;EB;22870;2014;19/08/2015;09/09/2015;21/08/2015;
931;SOC;23078;2014;13/08/2015;03/09/2015;28/09/2015;
929;SS;22345;2012;30/07/2015;20/08/2015;04/08/2015;
930;Advances in Parasitology;88;2015;30/07/2015;20/08/2015;04/08/2015;
928;SO;22000;2010;14/07/2015;04/08/2015;23/09/2015;verlengd tot 18/09
927;SO;22262;2011;14/07/2015;04/08/2015;25/09/2015;verlengd tot 18/09
926;SO;22510;2012;14/07/2015;04/08/2015;22/09/2015;VERLENGD TOT 18/09
925;SO;23003;2013;14/07/2015;04/08/2015;25/09/2015;VERLENGD TOT 18/09
924;SO;22678;2012;14/07/2015;04/08/2015;24/09/2015;VERLENGD TOT 18/09/2015
923;SO;21516;2009;14/07/2015;04/08/2015;26/09/2015;VERLENGD TOT 18/09
922;SO;21343;2009;14/07/2015;04/08/2015;22/09/2015;VERLENGD TOT 18/09
920;LQ;20906;2008;13/07/2015;03/08/2015;28/08/2015;
918;Infect Dis Clin N Am;29:02:00;2015;13/07/2015;03/08/2015;27/08/2015;
919;EB;19369;2005;13/07/2015;03/08/2015;28/08/2015;
914;K.Q;23396;2015;10/07/2015;31/07/2015;;VERLOREN
916;BA;23326;2012;10/07/2015;31/07/2015;22/09/2015;Verlengd
911;UB;23383;2015;02/07/2015;23/07/2015;28/07/2015;
913;J.J;21695;2010;02/07/2015;23/07/2015;10/07/2015;
912;J.J;17898;2003;02/07/2015;23/07/2015;10/07/2015;
910;QA;23132;2014;30/06/2015;21/07/2015;22/09/2015;
909;QA;22171;2011;30/06/2015;21/07/2015;22/09/2015;
908;BA;22986;2014;30/06/2015;21/07/2015;22/09/2015;
907;EB;15300;1995;02/06/2015;23/06/2015;11/06/2015;
905;EB;17612;2002;06/05/2015;27/05/2015;02/06/2015;
904;BJT;19520;2006;06/05/2015;27/05/2015;11/06/2015;
902;BL;22756;2012;23/04/2015;14/05/2015;30/09/2015;rappel 18+25/9
903;BA;23326;2012;23/04/2015;14/05/2015;10/07/2015;
900;CBN;14616;1995;22/04/2015;13/05/2015;03/09/2015;
899;HWE;13516 M;1992;14/04/2015;05/05/2015;22/05/2015;
898;HWE;12977 M;1991;14/04/2015;05/05/2015;22/05/2015;
897;HWE;22400;2012;14/04/2015;05/05/2015;22/05/2015;
896;B;23305;2009;07/04/2015;28/04/2015;01/06/2015;
895;B;23305;2009;31/03/2015;21/04/2015;07/04/2015;
893;ZJ;22819;2012;25/03/2015;15/04/2015;01/09/2015;
894;UJCB;22855;2011;25/03/2015;15/04/2015;09/09/2015;
892;BJT;22852;2014;23/03/2015;13/04/2015;29/04/2015;
891;BJS;22796;2014;23/03/2015;13/04/2015;10/07/2015;
890;SOA;15098;1996;17/03/2015;07/04/2015;31/08/2015;
886;K;14765;1995;17/03/2015;07/04/2015;01/09/2015;
889;E;266;0;17/03/2015;07/04/2015;17/03/2015;DVD
888;COLOUR;266;0;17/03/2015;07/04/2015;17/03/2015;DVD
887;ARC;266;0;17/03/2015;07/04/2015;17/03/2015;DVD
885;LF.2;23285;2010;16/03/2015;03/04/2015;24/03/2015;
884;BOFSP (Tijdschrift;10;2015;10/03/2015;31/03/2015;24/03/2015;Supplement bij BOFSP 10/2015, p. 1-42
883;SS;22258;2010;02/03/2015;23/03/2015;23/09/2015;
882;SS;20633;2007;02/03/2015;23/03/2015;17/03/2015;
881;HI;22725;2013;27/02/2015;23/03/2015;23/09/2015;
880;ER;21938;2011;24/02/2015;17/03/2015;06/03/2015;
879;EB;23247;2016;24/02/2015;17/03/2015;06/03/2015;
878;EB;22870;2014;24/02/2015;17/03/2015;07/04/2015;
877;EB;22136;2010;24/02/2015;17/03/2015;07/04/2015;
876;IPCS (tijdschrift);242;2014;20/02/2015;13/03/2015;18/09/2015;
875;EB;10516;1985;19/02/2015;12/03/2015;12/03/2015;Steven Van Den Broucke
872;XO;23255;2014;17/02/2015;09/03/2015;03/03/2015;
870;UI;23254;2014;17/02/2015;09/03/2015;13/04/2015;
874;SS;23274;20140;17/02/2015;09/03/2015;14/04/2015;
873;LF.S;23261;2014;17/02/2015;09/03/2015;03/03/2015;
871;KPH;23257;2014;17/02/2015;09/03/2015;27/03/2015;
868;SS;20633;2007;30/01/2015;20/02/2015;27/02/2015;
867;SS;21361;2009;30/01/2015;20/02/2015;27/02/2015;
866;SS;22258;2010;30/01/2015;20/02/2015;27/02/2015;
865;SS;22807;2012;30/01/2015;20/02/2015;27/02/2015;
869;HI;22725;2013;30/01/2015;20/02/2015;27/02/2015;
863;EB;10516 (M);1985;30/01/2015;20/02/2015;19/02/2015;Steven Van Den Broeke (tijdelijke docent)
862;HW;23246;2015;27/01/2015;17/02/2015;18/02/2015;
861;KRA.7;21308;2008;26/01/2015;16/02/2015;28/08/2015;
860;EA;23233;2014;23/01/2015;13/02/2015;10/03/2015;
859;BBW;21975;2011;21/01/2015;12/02/2015;10/07/2015;
858;JC.S;22979;2013;16/01/2015;06/02/2015;26/01/2015;
856;JC.Q;21005;2008;16/01/2015;06/02/2015;26/01/2015;
857;JC;19771;2006;16/01/2015;06/02/2015;26/01/2015;
855;JC;18645;2004;16/01/2015;06/02/2015;26/01/2015;
854;EA;20934;2006;16/01/2015;06/02/2015;26/01/2015;
853;SJA;23216;2014;14/01/2015;04/02/2015;20/01/2015;
852;EA;22326;2011;02/01/2015;23/01/2015;16/02/2015;
851;DY;22555;2012;02/01/2015;23/01/2015;16/02/2015;
850;CBE;20678;2007;17/12/2014;07/01/2015;26/01/2015;
849;CBE;21269;2009;17/12/2014;07/01/2015;26/01/2015;
846;JW;19595;2006;12/12/2014;02/01/2015;18/09/2015;
847;DZ;13969;1991;12/12/2014;02/01/2015;26/01/2015;
845;SOE;19758;2006;09/12/2014;30/12/2014;25/09/2015;rappel 18+25/9
844;SOD;19325;2005;03/12/2014;24/12/2014;16/12/2014;
843;QA;23132;2014;03/12/2014;24/12/2014;16/12/2014;
840;ZB;22490;2012;17/11/2014;09/12/2014;28/11/2014;
842;SO;22984;2013;17/11/2014;09/12/2014;28/11/2014;
841;EA;20934;2006;17/11/2014;09/12/2014;28/11/2014;
839;;237 F;2003;06/11/2014;27/11/2014;14/11/2014;Video
838;;237 E;2003;06/11/2014;27/11/2014;14/11/2014;VIDEO
836;HW;17431 M;2001;31/10/2014;21/11/2014;18/09/2015;
835;ZVB;21756;2010;14/10/2014;29/01/2016;12/01/2016;"EDUC; Peeters K"
834;ZVB;23012;2013;14/10/2014;29/01/2016;12/01/2016;VERLENGD WEGENS ZIEKTE
833;ZVB;22200;2010;14/10/2014;29/01/2016;12/01/2016;
831;UJ;23084;2014;14/10/2014;30/06/2017;;Rappel 04/'19
832;UJ;22620;2013;14/10/2014;29/01/2016;12/01/2016;
830;EP;15976;1998;29/09/2014;20/10/2014;29/04/2015;
829;QA;19635;2006;26/09/2014;17/10/2014;03/10/2014;
828;DY;22521;2012;18/09/2014;09/10/2014;20/01/2015;
827;LQ;19892;2007;15/09/2014;06/10/2014;06/10/2014;
826;UJ;23084;2014;11/09/2014;02/10/2014;14/10/2014;
822;KRC;22612;2011;04/09/2014;25/09/2014;04/09/2014;
825;H;21905;2011;04/09/2014;25/09/2014;24/09/2014;
824;BA;15007;1996;04/09/2014;25/09/2014;14/10/2014;
823;BA;21139;2014;04/09/2014;25/09/2014;14/10/2014;
821;IO;16974;2000;02/09/2014;23/09/2014;21/05/2015;
820;UB;23160;2015;25/08/2014;15/09/2014;03/10/2014;
818;QA;16981;2001;22/08/2014;12/09/2014;06/10/2015;rappel 18+25/9+2/10
819;JQ;9124;1981;22/08/2014;12/09/2014;20/03/2015;(mail: 19/03/2015)
817;L.Q;19892;2007;21/08/2014;11/09/2014;06/10/2014;
816;ZVO;23167;2014;19/08/2014;09/09/2014;23/09/2015;Rappel 18/09/2015
815;KPH;20887/2;2008;14/08/2014;04/09/2014;16/09/2014;CD ROM
814;NGT;23133;2014;11/08/2014;01/09/2014;03/10/2014;Vol. 1 + 2
812;XO;23166;2012;04/08/2014;25/08/2014;28/09/2015;Leen tot 1/9/2014
813;JX.1;23161;2001;04/08/2014;25/08/2014;10/09/2014;
811;HWE;22717;2013;30/07/2014;20/08/2014;01/10/2015;Rappel 18+25/9
810;BJC;22300;2011;25/07/2014;15/08/2014;18/09/2015;
809;RJ;22299;2011;22/07/2014;12/08/2014;20/01/2015;
808;UTU.D;16575;1999;07/07/2014;28/07/2014;01/09/2014;
806;NP;1743;1953;07/07/2014;28/07/2014;18/09/2015;Ingeschreven op departement
805;NP;6411;1969;07/07/2014;28/07/2014;18/09/2015;ingeschreven op departement
807;JX;15934;1990;07/07/2014;28/07/2014;21/09/2015;
803;JX;3620;1964;25/06/2014;16/07/2014;01/09/2014;
804;J;19246;2005;25/06/2014;16/07/2014;12/12/2014;
802;NM;11260;1987;16/06/2014;09/07/2014;23/06/2014;
801;NM;9918;1982;16/06/2014;09/07/2014;23/06/2014;
799;ZB;17894;1990;04/06/2014;25/06/2014;15/07/2014;
798;NP;12888;1990;28/05/2014;18/06/2014;18/09/2015;ingeschreven op departement
797;UI;23067;2013;27/05/2014;17/06/2014;11/06/2014;
796;ZJ;22745;2012;13/05/2014;03/06/2014;01/09/2014;
795;EP;15976;1998;05/05/2014;26/05/2014;01/09/2014;
794;BJS;22503;2012;05/05/2014;26/05/2014;01/09/2014;
791;NO;8457;1978;30/04/2014;21/05/2014;12/05/2014;2 DELEN
790;NL.AD;11861;1988;30/04/2014;21/05/2014;12/05/2014;
792;NC;19187;2005;30/04/2014;21/05/2014;12/05/2014;
793;N;7752;1977;30/04/2014;21/05/2014;12/05/2014;2 DELEN
789;N;17930;2002;30/04/2014;21/05/2014;12/05/2014;
788;JW;19595;2006;17/04/2014;08/05/2014;12/12/2014;
787;JW;17466;2001;17/04/2014;08/05/2014;12/12/2014;
783;NP;12888;1990;16/04/2014;07/05/2014;14/05/2014;terug v uganda 10/5
782;N;13794;1993;16/04/2014;07/05/2014;14/05/2014;terug V Uganda 10/5
786;BJT;22265;2011;16/04/2014;07/05/2014;18/09/2015;
785;BJC;17143;2000;16/04/2014;07/05/2014;25/09/2015;
784;BJC;13230;2006;16/04/2014;07/05/2014;25/09/2015;
781;N.H;20845;2008;15/04/2014;07/05/2014;18/09/2015;Ingeschreven op departement
780;H;18761;2005;15/04/2014;06/05/2014;01/10/2015;rappel 18+25/9
779;L;19529;2006;10/04/2014;01/05/2014;12/05/2014;
778;L;17337;2001;10/04/2014;01/05/2014;12/05/2014;
775;SO.1;22934;2013;09/04/2014;30/04/2014;27/05/2014;Voor stagiare/ studente
772;NGT;10589;1985;07/04/2014;28/04/2014;09/04/2014;
771;NGT;9945;1982;07/04/2014;28/04/2014;09/04/2014;
768;SOD;22649;2012;02/04/2014;23/04/2014;27/06/2014;
767;SOC;22348;2012;02/04/2014;23/04/2014;27/06/2014;
770;N.H;20845;2005;02/04/2014;23/04/2014;08/05/2014;
769;HW;21702;2010;02/04/2014;23/04/2014;15/04/2014;
764;MS;10420/1;1976;25/03/2014;15/04/2014;04/12/2014;
763;MS;11843;1987;25/03/2014;15/04/2014;04/12/2014;
762;MS;19004;2005;25/03/2014;15/04/2014;04/12/2014;
761;MS;19152;2005;25/03/2014;15/04/2014;;VERLOREN
765;EB;23021;2014;25/03/2014;15/04/2014;07/04/2014;
760;NP;12888;1990;17/03/2014;07/04/2014;16/04/2014;RAPPEL 1 15/4/2014
758;UR;23030;2012;06/03/2014;27/03/2014;14/04/2014;
759;HBD;23015;2014;06/03/2014;27/03/2014;14/04/2014;
755;World Health Rep;REF;2001;03/03/2014;24/03/2014;16/04/2014;RAPPEL 1 15/4/2014
757;BJT;21670;2011;03/03/2014;24/03/2014;21/03/2014;
756;BJT;20663;2008;03/03/2014;24/03/2014;21/03/2014;
752;XL;16925;2000;19/02/2014;12/03/2014;12/03/2014;
750;JX;9043;1981;19/02/2014;12/03/2014;17/04/2014;RAPPEL 1 15/4/2014
749;JW;19595;2006;19/02/2014;12/03/2014;17/04/2014;RAPPEL 1 15/4/2014
748;JW;17466;2001;19/02/2014;12/03/2014;17/04/2014;RAPPEL 1 15/4/2014
746;KRC;22558;2012;12/02/2014;05/03/2014;13/06/2014;
745;KRC;22612;2012;12/02/2014;05/03/2014;13/06/2014;
747;H;22676;2013;12/02/2014;05/03/2014;13/06/2014;
744;K;22965;2014;21/01/2014;11/02/2014;28/04/2014;RAPPEL 1 15/4/2014
753;XHW;19538/1;2004;16/01/2014;12/03/2014;27/01/2014;
740;JX;9043;1981;16/01/2014;06/02/2014;19/02/2014;
742;JW;17466;2001;16/01/2014;06/02/2014;19/02/2014;
741;JW;19595;2006;16/01/2014;06/02/2014;19/02/2014;
743;DY;22521;2012;16/01/2014;06/02/2014;31/03/2014;
739;N;13794;1993;15/01/2014;05/02/2014;16/04/2014;RAPPEL 1 15/4/2014
737;IO;21227;2009;09/01/2014;30/01/2014;25/02/2014;
736;IO;19655;2006;09/01/2014;30/01/2014;25/02/2014;
734;UR;22846;2013;07/01/2014;28/01/2014;28/03/2014;
735;BBZ;16478;1998;07/01/2014;28/01/2014;16/01/2014;
733;SO;21978;2011;03/01/2014;24/01/2014;09/01/2014;
731;ZVP;18837;2003;23/12/2013;13/01/2014;25/02/2014;
732;ZV;17785;2001;23/12/2013;13/01/2014;25/02/2014;
730;N;13794;1993;23/12/2013;13/01/2014;23/12/2013;
729;BJC;22641;2012;20/12/2013;10/01/2014;13/01/2014;
728;NP;58822;1996;18/12/2013;08/01/2014;15/01/2014;
727;NP;1743;1953;18/12/2013;08/01/2014;15/01/2014;
722;JC.1;22863;2013;17/12/2013;07/01/2014;27/01/2014;
726;JC;21278;2009;17/12/2013;07/01/2014;27/01/2014;
725;JC;20820;2008;17/12/2013;07/01/2014;27/01/2014;
724;JC;19711/2;2006;17/12/2013;07/01/2014;27/01/2014;
723;JC;19771/1;2006;17/12/2013;07/01/2014;27/01/2014;
721;JC;18645;2004;17/12/2013;07/01/2014;27/01/2014;
719;N;22857;2013;13/12/2013;03/01/2014;16/01/2014;
718;KQ;18772;2003;13/12/2013;03/01/2014;27/01/2014;
717;k;22900/2;2013;13/12/2013;03/01/2014;07/04/2014;
716;K;22900/1;2013;13/12/2013;03/01/2014;07/04/2014;
715;H;17589;2002;12/12/2013;02/01/2014;15/04/2014;RAPPEL 1 15/4/2014
714;H;18761;2005;12/12/2013;02/01/2014;15/04/2014;RAPPEL 1 15/4/2014
713;BJT;19993;2007;12/12/2013;02/01/2014;15/04/2014;RAPPEL 1 15/4/2014
712;NP;12888;1990;06/12/2013;27/12/2013;28/01/2014;
711;NP;12036;1987;06/12/2013;27/12/2013;17/01/2014;
710;NP;9404;1987;06/12/2013;27/12/2013;16/01/2014;
709;N.H.;20845;2008;03/12/2013;24/12/2013;15/04/2014;"TI: Insect immunology
AU: Beckage-Nancy-E
PU: Elsevier / Academic Press, Amsterdam
PY: 2008
CD: N.H
RAPPEL 1 15/4/2014"
706;SO;19841;2007;29/11/2013;20/12/2013;;VERLOREN? Geen personeel meer
708;BJC;22641;2012;29/11/2013;20/12/2013;19/12/2013;
707;BBW;18483;2003;29/11/2013;20/12/2013;16/04/2014;RAPPEL 1 15/4/2014
704;DZ;21892;2010;28/11/2013;19/12/2013;16/01/2014;
703;CBE;22952;2005;25/11/2013;16/12/2013;09/05/2014;"RAPPEL 1 15/4/2014; verlengd tot eind april"
702;HWE;18710;2004;20/11/2013;11/12/2013;13/12/2013;
701;EB;22136;2010;20/11/2013;11/12/2013;13/12/2013;
698;ZVU;12883;1990;18/11/2013;09/12/2013;27/11/2013;
699;SOC;21992;2010;18/11/2013;09/12/2013;27/11/2013;
700;SO;17396;2001;18/11/2013;09/12/2013;27/11/2013;
697;EC;18419;2002;15/11/2013;06/12/2013;02/01/2014;
696;KJ;20664;2007;12/11/2013;03/12/2013;04/03/2014;
694;L.J;21965;2011;08/11/2013;29/11/2013;02/04/2014;
693;L;22451;2012;08/11/2013;29/11/2013;02/04/2014;
692;KRC.1;22941;2013;08/11/2013;29/11/2013;29/04/2014;"RAPPEL 1 15/4/2014; boek ligt bij Unger maar komt terug"
695;BJT;22930;2014;08/11/2013;29/11/2013;04/12/2013;
691;SO;22156;2009;06/11/2013;27/11/2013;18/11/2013;
688;LQ.R;22788;2013;31/10/2013;21/11/2013;19/11/2013;
689;LQ.2;21424;2009;31/10/2013;21/11/2013;19/11/2013;
690;LQ;20906;2008;31/10/2013;21/11/2013;19/11/2013;
670;EB;22136;2010;28/10/2013;20/11/2013;20/11/2013;
669;EB;22795;2012;28/10/2013;20/11/2013;20/11/2013;
687;NT;19881;2004;24/10/2013;14/11/2013;06/12/2013;
686;NT;16870;2000;24/10/2013;14/11/2013;06/12/2013;
685;NT;15991;1999;24/10/2013;14/11/2013;06/12/2013;
684;EB;20881;2009;24/10/2013;14/11/2013;25/10/2013;
683;PY;22917;2013;21/10/2013;11/11/2013;14/04/2014;
681;SO;20613;2008;16/10/2013;06/11/2013;06/01/2014;
680;SO;22553;2012;16/10/2013;06/11/2013;19/11/2013;
679;SO;22815;2014;16/10/2013;06/11/2013;14/04/2014;
678;N.H;20845;2008;16/10/2013;06/11/2013;08/11/2013;
677;N;19030;2004;16/10/2013;06/11/2013;08/11/2013;
676;N;16715;2000;16/10/2013;06/11/2013;08/11/2103;
675;LA;14890;1996;16/10/2013;06/11/2013;08/11/2013;
674;L;13898;1993;16/10/2013;06/11/2013;08/11/2013;
682;EYH;14047;1991;16/10/2013;06/11/2013;08/11/2013;
672;LF.2;22913;2013;15/10/2013;15/10/2013;29/10/2013;
671;HWE;22122;2011;11/10/2013;01/11/2013;29/10/2013;
668;BBW;11833;1988;07/10/2013;28/10/2013;28/10/2013;
667;BBW;13414;1991;07/10/2013;28/10/2013;28/10/2013;
666;PA;21506;2010;04/10/2013;25/10/2013;06/01/2014;
662;L.J;21965;2011;02/10/2013;23/10/2013;08/11/2013;
663;L;22451;2012;02/10/2013;23/10/2013;08/11/2013;
660;XSQ;22904;2013;30/09/2013;21/10/2013;12/10/2013;
661;QRB;22162/2;2013;30/09/2013;21/10/2013;29/10/2013;
665;LQ.R;22788;2013;20/09/2013;23/10/2013;26/09/2013;
659;EB.AK;19005;2004;17/09/2013;08/10/2013;07/10/2013;
658;EB.AK;21274;2008;17/09/2013;08/10/2013;07/10/2013;
657;EB;19369;2005;17/09/2013;08/10/2013;07/10/2013;
656;EB;17612;2002;17/09/2013;08/10/2013;07/10/2013;
655;UBD;22891;2013;11/09/2013;02/10/2013;12/10/2013;
654;MH;17138;2001;10/09/2013;01/10/2013;02/10/2013;
653;MH;13937;1993;10/09/2013;01/10/2013;02/10/2013;
651;J;22306;2012;10/09/2013;01/10/2013;25/02/2014;
652;BJS;20832;2008;10/09/2013;01/10/2013;24/09/2013;
650;BBW;21975;2011;10/09/2013;01/10/2013;15/04/2014;RAPPEL 1 15/4/2014
649;EB;21663;2010;02/09/2013;23/09/2013;11/12/2013;
641;MH.1;12731;1990;26/08/2013;27/08/2013;09/09/2013;
640;MH;17138;2001;26/08/2013;27/08/2013;09/09/2103;
639;MH;19480;2005;26/08/2013;27/08/2013;09/09/2013;
648;100 JAAR PIH;20271;1996;23/08/2013;13/09/2013;18/09/2015;Magazijn
647;BA;22133;2009;21/08/2013;11/09/2013;17/09/2013;
646;BA;22506;2012;21/08/2013;11/09/2013;17/09/2013;
645;BA;16507;1998;21/08/2013;11/09/2013;17/09/2013;
644;B;19022;2002;21/08/2013;11/09/2013;17/09/2013;
643;SO;21501;2010;14/08/2013;04/09/2013;16/08/2013;
642;N;22856;2013;12/08/2013;02/09/2013;29/08/2013;
638;SOD;19325;2005;25/07/2013;15/08/2013;19/08/2013;
636;JC;21068;2009;24/07/2013;14/08/2013;31/07/2013;
635;JAIDS;"63; S2";2013;24/07/2013;14/08/2013;;VERLOREN
634;GL;16989;1990;24/07/2013;14/08/2013;25/07/2013;
633;JC.S;21886;2010;22/07/2013;12/08/2013;28/08/2013;
632;JC;19608;2005;22/07/2013;12/08/2013;28/08/2013;
631;Inf Dis Clin N Am;27(2);2013;22/07/2013;12/08/2013;29/08/2013;
630;NGT;16400;1999;16/07/2013;06/08/2013;25/07/2013;
628;UR;22846;2013;15/07/2013;05/08/2013;29/08/2013;
629;UB;22845;2013;15/07/2013;05/08/2013;29/08/2013;
626;HW;22826;2012;01/07/2013;22/07/2013;16/07/2013;
627;EB;22834;2014;01/07/2013;22/07/2013;01/08/2013;
625;BJT;22629;2011;28/06/2013;19/07/2013;05/07/2013;
624;BBW;21975;2011;28/06/2013;19/07/2013;17/07/2013;
620;SS;22807;2012;24/06/2013;15/07/2013;24/07/2013;
619;SS;22806;2011;24/06/2013;15/07/2013;24/07/2013;
623;KRC;22749;2012;24/06/2013;15/07/2013;24/09/2013;
622;KRC;18590;2003;24/06/2013;15/07/2013;18/12/2013;
621;Adv Parasitol;81;2013;24/06/2013;15/07/2013;16/07/2013;
618;NGT;12273;1978;21/06/2013;12/07/2013;26/06/2013;Promotor: Maxime Madder
617;BL;22500;2011;19/06/2013;10/07/2013;21/06/2013;Ontleend door Dorien Vliegen
616;D;22636;2011;12/06/2013;03/07/2013;19/06/2013;
615;JX;9788;1983;11/06/2013;02/07/2013;24/09/2013;
614;JW;17466;2001;11/06/2013;02/07/2013;24/09/2013;
612;JW;19595;2006;11/06/2013;02/07/2013;24/09/2013;
611;SO;22815;2014;10/06/2013;01/07/2013;07/08/2013;
609;UBD;15392;1997;30/05/2013;20/06/2013;11/06/2013;
610;C;13954/1;1984;30/05/2013;20/06/2013;24/09/2013;
608;J.J.;17898;2003;28/05/2013;18/06/2013;28/05/2013;
607;J.J.;17898;2003;07/05/2013;28/05/2013;24/07/2013;
606;Advances in Parasitology;80;2012;07/05/2013;28/05/2013;30/05/2013;
604;UTU;19140;2005;02/05/2013;23/05/2013;30/05/2013;
605;ER;12123;1989;02/05/2013;23/05/2013;30/05/2013;
603;BJT;22629;2011;02/05/2013;23/05/2013;30/05/2013;
602;ZVM;21280;2009;30/04/2013;21/05/2013;22/10/2013;
601;ZVM;21251;2009;30/04/2013;21/05/2013;22/10/2013;
600;BJC;17143;2000;25/04/2013;16/05/2013;16/04/2014;RAPPEL 2 15/4/14
599;BJC;13230;1991;25/04/2013;16/05/2013;16/04/2014;RAPPEL 2 15/4/14
598;BJT;22265;2011;24/04/2013;15/05/2013;16/04/2014;RAPPEL 1 15/4/2014
597;LQ..R;22788;2013;22/04/2013;13/05/2013;16/05/2013;
596;EB;22651;2013;17/04/2013;08/05/2013;15/05/2013;
594;EB;22497;2011;17/04/2013;08/05/2013;15/05/2013;
595;BBW;21975;2011;17/04/2013;08/05/2013;15/05/2013;
593;HG;14185;1992;11/04/2013;02/05/2013;31/05/2013;
592;EH;22456;2012;09/04/2013;30/04/2013;15/04/2013;
588;JD;22773;2011;08/04/2013;29/04/2013;16/05/2013;
591;HW;22025;2011;08/04/2013;29/04/2013;29/05/2013;"Uitgeleend aan stagiaire Stephanie Dierckx; Verlengd tot 17/5"
590;H;22201;2012;08/04/2013;29/04/2013;29/05/2013;"Uitgeleend aan stagiaire Stephanie Dierckx; VERLENGD tot 17/5"
587;B;22768;2009;02/04/2013;23/04/2013;21/05/2013;
585;SO.6;22779;2013;29/03/2013;19/04/2013;24/09/2015;Rappel 18/09/2015
582;QA;22619;2009;27/03/2013;17/04/2013;29/03/2013;
583;HG;18726;2004;27/03/2013;17/04/2013;02/05/2013;
584;H;22676;2013;27/03/2013;17/04/2013;02/05/2013;
579;LDC;20930;2008;21/03/2013;11/04/2013;16/04/2014;RAPPEL 1 15/4/2014
580;JW;19595;2006;21/03/2013;11/04/2013;02/05/2013;
575;SS;22761;2013;18/03/2013;08/04/2013;29/03/2013;
577;LN;21675;2010;18/03/2013;08/04/2013;30/05/2013;
576;J;22760;2013;18/03/2013;08/04/2013;29/03/2013;
573;ZB;21659;2010;15/03/2013;02/05/2013;14/05/2013;VERLENGD tot 14/5
574;AP;21482;2009;15/03/2013;02/05/2013;14/05/2013;VERLENGD TOT 14/5
569;UB;22748;2013;04/03/2013;25/03/2013;21/03/2013;
570;NGT;22744;2013;04/03/2013;25/03/2013;21/03/2013;
572;L;21089;2009;04/03/2013;25/03/2013;28/03/2013;
568;B;22730;2012;01/03/2013;22/03/2013;26/03/2013;
567;N;13372;1992;25/02/2013;18/03/2013;21/03/2013;
566;H;18244;2003;25/02/2013;18/03/2013;21/03/2013;
565;H;22724;2013;08/02/2013;01/03/2013;21/03/2013;
564;UTU;20775;2008;07/02/2013;28/02/2013;12/02/2013;
562;JC;20818;2008;01/02/2013;22/02/2013;24/07/2013;
563;HWE;18710;2004;01/02/2013;22/02/2013;14/03/2013;
561;SOD;22649;2012;30/01/2013;21/02/2013;25/02/2013;
560;LN;21675;2010;30/01/2013;20/02/2013;21/02/2013;
558;ER;22421;2010;21/01/2013;11/02/2013;28/02/2013;
559;EB;21136;2010;21/01/2013;11/02/2013;24/07/2013;
557;CBX;18161;2003;21/01/2013;11/02/2013;26/04/2013;
556;CBX;21595;2009;21/01/2013;11/02/2013;26/04/2013;
555;CBX;18513;2000;21/01/2013;11/02/2013;26/04/2013;
544;UR;21194;2009;04/01/2013;25/01/2013;18/01/2013;
542;KRB;22222;2011;18/12/2012;08/01/2013;18/01/2013;
543;DY;22555;2012;18/12/2012;08/01/2013;18/01/2013;
538;DY;22521;2012;17/12/2012;07/01/2013;17/01/2013;
540;BJT;21707;2008;17/12/2012;07/01/2013;15/01/2013;
539;BJC;18403;2003;17/12/2012;07/01/2013;15/01/2013;
536;KRC;18590;2003;10/12/2012;31/12/2012;15/03/2012;
535;BBW;21975;2011;30/11/2012;21/12/2012;24/12/2012;
534;RS;22632;2012;29/11/2012;20/12/2012;05/06/2013;RAPPEL 1 23/4/13
530;KRB;2242;2012;28/11/2012;19/12/2012;07/12/2012;
481;bjt;22265;2011;28/11/2012;19/12/2012;24/04/2013;RAPPEL 1 23/4/13
528;KJ;20664;2007;26/11/2012;17/12/2012;05/03/2013;
527;KRC;14180;1993;21/11/2012;12/12/2012;27/11/2012;
526;KRC;21480;2009;21/11/2012;12/12/2012;27/11/2012;
525;JTU;20775;2008;19/11/2012;10/12/2012;17/12/2012;
524;QA;22643;2009;16/11/2012;07/12/2012;10/06/2013;RAPPEL 1 23/4/13
522;UX;22557;2012;15/11/2012;06/12/2012;20/11/2012;
523;SJA;16154;1999;15/11/2012;06/12/2012;06/12/2012;
521;BBZ;16687;1999;15/11/2012;06/12/2012;07/01/2013;
517;XE;14976;1996;07/11/2012;28/11/2012;08/07/2013;RAPPEL 1 23/4/13
516;XE;13453;1991;07/11/2012;28/11/2012;08/07/2013;RAPPEL 1 23/4/13
520;EB;21663;2010;07/11/2012;28/11/2012;22/11/2012;
519;EB;21271;2008;07/11/2012;28/11/2012;08/07/2013;RAPPEL 1 23/4/13
518;EB;22252;2011;07/11/2012;28/11/2012;08/07/2013;RAPPEL 1 23/4/13
510;UBD;19566/2;2006;02/11/2012;23/11/2012;11/12/2012;
509;UBD;19566/1;2006;02/11/2012;23/11/2012;11/12/2012;
508;SOB;22634;2012;02/11/2012;23/11/2012;24/01/2013;
512;Rev Inst Med Trop Sao Paolo;54SUPPL18;2012;02/11/2012;23/11/2012;11/12/2012;
537;Rev Facult Nac Salud Publ;25-Jan;2007;02/11/2012;23/01/2013;11/12/2012;
511;pan am J Pub Health;26-Feb;2009;02/11/2012;23/11/2012;11/12/2012;
515;ZVM;22389;2012;31/10/2012;27/11/2012;13/11/2012;
514;ZVM;21916;2010;31/10/2012;27/11/2012;13/11/2012;
513;ZVB;22196;2008;31/10/2012;27/11/2012;13/11/2012;
507;C;20721;2008;30/10/2012;20/11/2012;24/01/2013;
506;C;20716;2008;30/10/2012;20/11/2012;18/02/2013;
505;C;20779;2008;30/10/2012;20/11/2012;28/02/2013;
504;UJ;22611;2012;26/10/2012;16/11/2012;22/11/2012;
503;UB;19059;2005;24/10/2012;14/11/2012;26/10/2012;
502;HI;22631;2012;22/10/2012;12/11/2012;26/10/2012;
501;UB;21398;2008;12/10/2012;02/11/2012;31/10/2012;
500;UBS;921M;1938;10/10/2012;31/10/2012;02/11/2012;
498;UI;22603;2008;09/10/2012;30/10/2012;02/11/2012;
497;BA;22233;2011;01/10/2012;22/10/2012;29/04/2013;Rappel 1 24/4/13
495;ZVU;22584;2006;25/09/2012;16/10/2012;25/09/2015;Boek ligt op Dienst
494;QA;22619;2009;21/09/2012;12/10/2012;16/11/2012;
492;UJ;22611;2012;20/09/2012;11/10/2012;11/10/2012;
491;ER;21967;2008;14/09/2012;05/10/2012;10/10/2012;
490;ER;17610;2000;14/09/2012;05/10/2012;10/10/2012;
488;QA;21577;2010;13/09/2012;04/10/2012;10/06/2013;RAPPEL 1 23/4/13
487;QA;21159;2009;13/09/2012;04/10/2012;10/06/2013;RAPPEL 1 23/4/13
486;PYH;20846;2008;13/09/2012;04/10/2012;10/06/2013;RAPPEL 1 23/4/13
485;B;22430;2011;13/09/2012;04/10/2012;10/06/2013;RAPPEL 1 23/4/13
482;ZV;17785;2001;04/09/2012;25/09/2012;10/10/2012;
479;BBW;22152;2010;17/08/2012;07/09/2012;05/09/2012;
480;BA;22506;2012;17/08/2012;07/09/2012;05/09/2012;
478;UTU;20775;2008;07/08/2012;28/08/2012;07/08/2012;
468;SO;19901;2005;06/08/2012;27/08/2012;08/08/2012;
474;EB.AK;21274;2008;06/08/2012;27/08/2012;23/04/2013;RAPPEL 1 23/4/13
473;EB.AK;19005;2004;06/08/2012;27/08/2012;23/04/2013;RAPPEL 1 23/4/13
476;EB;17280;2001;06/08/2012;27/08/2012;23/04/2013;RAPPEL 1 23/4/13
475;EB;19369;2005;06/08/2012;27/08/2012;23/04/2013;RAPPEL 1 23/4/13
472;EB;19951;2006;06/08/2012;27/08/2012;23/04/2013;RAPPEL 1 23/4/13
471;EB;14431;1994;06/08/2012;27/08/2012;23/04/2013;RAPPEL 1 23/4/13
470;EB;16763;1985;06/08/2012;27/08/2012;23/04/2013;RAPPEL 1 23/4/13
466;LF;17626;2002;02/08/2012;23/08/2012;20/08/2012;
465;LF;18651;2004;02/08/2012;23/08/2012;20/08/2012;
467;LA;14691;1995;02/08/2012;23/08/2012;20/08/2012;
461;SO;19983;2006;31/07/2012;21/08/2012;18/09/2015;RAPPEL 4 15/4/2014
464;BJC;17143;2000;31/07/2012;21/08/2012;25/04/2013;RAPPEL 1 23/4/13
463;BJC;13230;1991;31/07/2012;21/08/2012;25/04/2013;RAPPEL 1 23/4/13
460;BJC;19768;2007;26/07/2012;16/08/2012;06/08/2012;
458;ZVB;22157;2011;24/07/2012;14/08/2012;24/08/2012;
457;ZVB;22290;2010;24/07/2012;14/08/2012;24/08/2012;
456;ZVB;22117;2011;24/07/2012;14/08/2012;24/08/2012;
455;RNA;22522;2011;23/07/2012;13/08/2012;24/07/2013;RAPPEL 1 23/4/13
454;BMJ;7851;2012;19/07/2012;09/08/2012;23/07/2012;
453;BMJ;7850;2012;19/07/2012;09/08/2012;23/07/2012;
452;BMJ;7849;2012;19/07/2012;09/08/2012;23/07/2012;
451;BMJ;7848;2012;19/07/2012;09/08/2012;23/07/2012;
450;BMJ;7847;2012;19/07/2012;09/08/2012;23/07/2012;
449;BMJ;7846;2012;19/07/2012;09/08/2012;23/07/2012;
448;BMJ;7845;2012;19/07/2012;09/08/2012;23/07/2012;
447;BMJ;7844;2012;19/07/2012;09/08/2012;23/07/2012;
446;BMJ;7843;2012;19/07/2012;09/08/2012;23/07/2012;
445;BMJ;7842;2012;19/07/2012;09/08/2012;23/07/2012;
444;BMJ;7841;2012;19/07/2012;09/08/2012;23/07/2012;
443;BMJ;7839;2012;19/07/2012;09/08/2012;23/07/2012;
442;BMJ;7863;2012;18/07/2012;08/08/2012;19/07/2012;
441;BMJ;7862;2012;18/07/2012;08/08/2012;19/07/2012;
440;BMJ;7861;2012;18/07/2012;08/08/2012;19/07/2012;
439;BMJ;7860;2012;18/07/2012;08/08/2012;19/07/2012;
438;BMJ;7859;2012;18/07/2012;08/08/2012;19/07/2012;
437;BMJ;7858;2012;18/07/2012;08/08/2012;19/07/2012;
436;BMJ;7857;2012;18/07/2012;08/08/2012;19/07/2012;
435;BMJ;7856;2012;18/07/2012;08/08/2012;19/07/2012;
434;BMJ;7855;2012;18/07/2012;08/08/2012;19/07/2012;
433;BMJ;7854;2012;18/07/2012;08/08/2012;19/07/2012;
432;BMJ;7853;2012;18/07/2012;08/08/2012;19/07/2012;
430;HWE;22400;2012;17/07/2012;07/08/2012;28/08/2012;
431;BBW;22127;2010;17/07/2012;07/08/2012;05/09/2012;
428;SOD;19325;2005;16/07/2012;06/08/2012;16/07/2013;RAPPEL 1 23/4/13
429;RNR;21468;2010;16/07/2012;06/08/2012;22/08/2014;RAPPEL 2 15/4/2014
426;ADVPAR;61;2006;11/07/2012;19/07/2012;18/07/2012;Advances in Parasitology 61
421;UR;19680;2006;09/07/2012;30/07/2012;12/07/2012;
423;JIAPAC;9(2);;09/07/2012;30/07/2012;12/07/2012;
425;ER;21967;2008;09/07/2012;30/07/2012;30/07/2012;
420;ZVP;22479;2012;02/07/2012;23/07/2012;20/09/2012;
419;LF.R;22498;2010;29/06/2012;20/07/2012;21/08/2012;
418;;27;2012;29/06/2012;20/07/2012;17/07/2012;"Tijdschrift ""le Bulletin de l'ALLF"""
416;SS;22448;2011;26/06/2012;17/07/2012;17/07/2012;
415;RD;22450;2011;26/06/2012;17/07/2012;17/07/2012;+ 2 CDs
417;HW;22452;2012;26/06/2012;17/07/2012;17/07/2012;
414;SO;21243;2009;20/06/2012;11/07/2012;05/07/2012;
413;SO;22375;2011;20/06/2012;11/07/2012;05/07/2012;
411;UB;21345;2009;11/06/2012;02/07/2012;25/04/2013;RAPPEL 1 23/4/13
410;UB;19788/1;2007;11/06/2012;02/07/2012;25/04/2013;RAPPEL 1 23/4/13
409;HW;21053;2008;11/06/2012;02/07/2012;25/04/2013;RAPPEL 1 23/4/13
408;HW;20834;2008;11/06/2012;02/07/2012;25/04/2013;RAPPEL 1 23/4/13
407;BJT;19520;2006;07/06/2012;28/06/2012;29/06/2012;
406;BW;22475;2012;05/06/2012;26/06/2012;17/07/2012;
405;EH;22456;2012;01/06/2012;22/06/2012;09/04/2013;
402;SS;22448;2011;21/05/2012;11/06/2012;17/07/2012;
401;KRC;22444;2012;21/05/2012;11/06/2012;25/06/2012;
404;HW;22452/2;2012;21/05/2012;11/06/2012;17/07/2012;
403;HW;22452/1;2012;21/05/2012;11/06/2012;17/07/2012;
400;SOD;22459;2010;18/05/2012;08/06/2012;25/09/2015;RAPPEL 18+25/9/2015
376;JCU;22432;2011;07/05/2012;28/05/2012;17/07/2012;
375;LF;9062;1980;02/05/2012;13/08/2012;30/08/2012;Verlengd tot 13/8/2012
374;M.S;22417;2011;30/04/2012;21/05/2012;15/05/2012;
372;BJC;21252;2009;12/04/2012;03/05/2012;;VERLOREN
371;BBW;22152;2010;12/04/2012;03/05/2012;16/05/2012;
373;BA;22133;2009;12/04/2012;03/05/2012;25/04/2012;
370;NC;20711;2007;10/04/2012;01/05/2012;13/04/2012;
369;BJT;20725;2008;10/04/2012;01/05/2012;25/04/2012;
367;BJT;21871;2010;10/04/2012;01/05/2012;16/05/2012;
368;BA;22266;2011;10/04/2012;01/05/2012;16/05/2012;
363;ZBC;11568/1;1952;03/04/2012;24/04/2012;03/04/2012;
362;ZBC;1477;1939;03/04/2012;24/04/2012;03/04/2012;
361;ZBC;21234;2008;03/04/2012;24/04/2012;03/04/2012;
366;N;22392;2007;03/04/2012;24/04/2012;10/04/2012;
364;JQP;22393;2010;03/04/2012;24/04/2012;20/04/2012;
365;HWE;22400;2012;03/04/2012;24/04/2012;29/06/2012;
360;NOK;17738;2002;27/03/2012;17/04/2012;29/03/2012;
358;B;22374;2011;23/03/2012;13/04/2012;02/07/2012;
357;ZVM;21590;2010;19/03/2012;09/04/2012;20/04/2012;
356;JD;19288;2002;14/03/2012;04/04/2012;12/04/2012;
355;JD;14101;1994;14/03/2012;04/04/2012;12/04/2012;
351;BBW;22152;2010;02/03/2012;23/03/2012;15/03/2012;
352;BA;21649;2010;02/03/2012;23/03/2012;15/03/2012;
353;B;22169;2011;02/03/2012;23/03/2012;15/03/2012;
350;LDS;12587;1989;27/02/2012;19/03/2012;28/02/2012;
348;UTU.D;22355;2005;24/02/2012;16/03/2012;02/07/2012;
349;SO.7;22357;2011;24/02/2012;16/03/2012;02/07/2012;
347;SOCA;18317;2003;23/02/2012;15/03/2012;14/05/2012;
346;LF.R;19620;2006;23/02/2012;15/03/2012;07/03/2012;Chantal Van Overmeir
344;Periodical: Advances in Parasitology;76;2011;17/02/2012;09/03/2012;21/02/2012;
343;Periodical: Advances in Parasitology;75;2011;17/02/2012;09/03/2012;21/02/2012;
342;SS;22345;2012;13/02/2012;05/03/2012;20/04/2012;
341;JYC;22343;2011;13/02/2012;05/03/2012;08/03/2012;
340;Clin Microbiol Infect;16;2010;07/02/2012;28/02/2012;12/03/2012;
337;KRC;17914;2002;25/01/2012;15/02/2012;09/02/2012;
336;KRC;21491;2009;25/01/2012;15/02/2012;09/02/2012;
335;KRC;21245;2010;25/01/2012;15/02/2012;01/02/2012;
334;KRC;15135;1996;25/01/2012;15/02/2012;01/02/2012;Magazijn
338;H;21905;2011;25/01/2012;15/02/2012;09/02/2012;
331;SOE;16656;1997;23/01/2012;13/02/2012;11/04/2012;
330;SOE;11995;1988;23/01/2012;13/02/2012;11/04/2012;
332;BBW;19391;2006;23/01/2012;13/02/2012;31/01/2012;
328;BBU;19302;2001;17/01/2012;07/02/2012;27/03/2012;
327;BA;22267;2011;17/01/2012;07/02/2012;02/02/2012;
326;BA;22266;2011;17/01/2012;07/02/2012;02/02/2012;
325;UBD;18807;2004;16/01/2012;06/02/2012;31/01/2012;
323;I;15330;1997;12/01/2012;02/02/2012;09/02/2012;
324;UBC;22261;2011;06/01/2012;03/02/2012;26/01/2012;
322;SON;22100;2011;05/01/2012;26/01/2012;26/01/2012;
321;BJC;21252;2009;03/01/2012;24/01/2012;22/02/2012;
319;BJT;20725;2008;30/12/2011;20/01/2012;22/02/2012;
320;BJC;18403;2003;30/12/2011;20/01/2012;02/01/2012;
318;KRB;22222;2011;26/12/2011;16/01/2012;05/01/2012;Uitgeleend door M. Vandenbruaene voor Liesbeth Mertens
316;JVC;11956;1988;16/12/2011;06/01/2012;29/12/2011;
315;JVC;16267;1999;16/12/2011;06/01/2012;29/12/2011;
314;JVC;21099;2006;16/12/2011;06/01/2012;29/12/2011;
313;ZVP;22277;2011;15/12/2011;05/01/2012;02/07/2012;
312;HW;22025;2011;09/12/2011;30/12/2011;22/02/2012;
311;HW;21242;2010;09/12/2011;30/12/2011;24/02/2012;
310;HW;20859;2007;09/12/2011;30/12/2011;22/02/2012;
309;HW;22121;2011;09/12/2011;30/12/2011;24/02/2012;
297;ZB;21887;2010;07/12/2011;28/12/2011;26/12/2011;
308;NEJM;22;2011;07/12/2011;28/12/2011;07/12/2011;
307;NEJM;21;2011;07/12/2011;28/12/2011;07/12/2011;
306;NEJM;20;2011;07/12/2011;28/12/2011;07/12/2011;
299;LN;18689;2004;07/12/2011;28/12/2011;21/12/2011;
305;Lancet;9804;2011;07/12/2011;28/12/2011;08/12/2011;
304;Lancet;9803;2011;07/12/2011;28/12/2011;08/12/2011;
303;Lancet;9802;2011;07/12/2011;28/12/2011;07/12/2011;
302;JAMA;19;2011;07/12/2011;28/12/2011;07/12/2011;
300;BMJ;7829;2011;07/12/2011;28/12/2011;07/12/2011;
301;Annals of Internal Medicine;155(10);2011;07/12/2011;28/12/2011;07/12/2011;
295;HW;22250;2012;02/12/2011;23/12/2011;06/01/2012;
293;JC;21278;2009;01/12/2011;22/12/2011;13/04/2012;
294;EB;19742;2006;01/12/2011;22/12/2011;26/12/2011;
291;BMJ;7828;2011;23/11/2011;14/12/2011;24/11/2011;
290;BMJ;7827;2011;23/11/2011;14/12/2011;24/11/2011;
289;BMJ;7826;2011;23/11/2011;14/12/2011;24/11/2011;
292;Ann Intern Med;15(9);2011;23/11/2011;14/12/2011;24/11/2011;
287;JC;20818;2008;18/11/2011;09/12/2011;21/02/2012;
286;JC;17040;2000;18/11/2011;09/12/2011;21/02/2012;
285;JC;17215;2001;18/11/2011;09/12/2011;21/02/2012;
288;I;15330;1997;18/11/2011;09/12/2011;16/12/2011;
281;JAMA;306/13;2011;15/11/2011;06/12/2011;16/11/2011;
280;JAMA;306/14;2011;15/11/2011;06/12/2011;17/11/2011;
279;JAMA;306/15;2011;15/11/2011;06/12/2011;17/11/2011;
278;JAMA;306/17;2011;15/11/2011;06/12/2011;17/11/2011;
277;JAMA;306/16;2011;15/11/2011;06/12/2011;17/11/2011;
274;bmj;7825;201;15/11/2011;06/12/2011;16/11/2011;
273;bmj;7824;2011;15/11/2011;06/12/2011;16/11/2011;
272;bmj;7823;2011;15/11/2011;06/12/2011;16/11/2011;
271;BMJ;7822;2011;15/11/2011;06/12/2011;16/11/2011;
276;AIME;155/7;2011;15/11/2011;06/12/2011;16/11/2011;
275;AIME;155/8;2011;15/11/2011;06/12/2011;16/11/2011;
269;ZVB;22182;2006;14/11/2011;05/12/2011;;"""NIET IN BEZIT"""
242;UB;22066;2011;14/11/2011;15/11/2011;05/12/2011;
243;MH;17138;2001;14/11/2011;15/11/2011;05/12/2011;
270;HW;22250;2011;14/11/2011;05/12/2011;29/06/2012;
268;BA;21987;2010;10/11/2011;01/12/2011;09/12/2011;
267;BA;22133;2009;10/11/2011;01/12/2011;09/12/2011;
259;NEJM;18;2011;09/11/2011;30/11/2011;15/11/2011;
258;NEJM;17;2011;09/11/2011;30/11/2011;15/11/2011;
257;NEJM;16;2011;09/11/2011;30/11/2011;15/11/2011;
256;NEJM;15;2011;09/11/2011;30/11/2011;15/11/2011;
255;NEJM;14;2011;09/11/2011;30/11/2011;15/11/2011;
263;Lancet;9798;2011;09/11/2011;30/11/2011;15/11/2011;
262;Lancet;9797;2011;09/11/2011;30/11/2011;15/11/2011;
261;Lancet;9796;2011;09/11/2011;30/11/2011;15/11/2011;
260;Lancet;9795;2011;09/11/2011;30/11/2011;15/11/2011;
266;J;22129;2008;09/11/2011;30/11/2011;16/12/2011;
265;J;13555;1992;09/11/2011;30/11/2011;16/12/2011;
264;BLU;9667;1982;09/11/2011;30/11/2011;16/12/2011;
254;BJC;18684;2004;09/11/2011;30/11/2011;21/12/2011;
253;BJC;14018;1993;09/11/2011;30/11/2011;21/12/2011;
252;SS;19715;2005;08/11/2011;29/11/2011;22/11/2011;
251;SS;14681;1993;08/11/2011;29/11/2011;01/12/2011;
250;BJC;18511;2003;08/11/2011;29/11/2011;10/07/2012;
249;BJC;20773;2008;08/11/2011;29/11/2011;10/07/2012;
248;SOG;13769;1993;07/11/2011;28/11/2011;21/08/2012;VERLENGD TOT 31/01/2012
246;Acta Gastro-Entorologica Belgica;74/3;2011;04/11/2011;25/11/2011;08/11/2011;
245;ZVB;22186;2011;31/10/2011;21/11/2011;17/11/2011;
244;UTU;20775;2008;27/10/2011;17/11/2011;03/11/2011;
241;EB;18026;2002;25/10/2011;15/11/2011;08/12/2011;
240;EB;21364;2008;25/10/2011;15/11/2011;08/12/2011;
37;SO.3;21438;2009;20/10/2011;26/01/2011;20/08/2012;RAPPEL 2
35;SO;15292;1990;20/10/2011;26/01/2011;30/09/2015;RAPPEL 4 15/4/2014
239;ZB;22235;2011;19/10/2011;09/11/2011;19/10/2011;
237;krb;22222;2011;19/10/2011;09/11/2011;26/12/2011;
238;cb;22148;2011;19/10/2011;09/11/2011;26/12/2011;
236;ZVB;19039;2005;17/10/2011;07/11/2011;31/01/2012;
235;ZVB;22117;2011;17/10/2011;07/11/2011;31/01/2012;
234;ZVB;18721;2001;17/10/2011;07/11/2011;31/01/2012;
233;ZVB;22199;2007;17/10/2011;07/11/2011;27/02/2012;
232;ZVB;22200;2010;17/10/2011;07/11/2011;31/01/2012;
231;NEJM;12;2011;06/10/2011;27/10/2011;11/10/2011;
230;NEJM;11;2011;06/10/2011;27/10/2011;11/10/2011;
229;Lancet;9794;2011;06/10/2011;27/10/2011;11/10/2011;
228;JAMA;10;2011;06/10/2011;27/10/2011;11/10/2011;
227;JAMA;9;2011;06/10/2011;27/10/2011;11/10/2011;
226;Ann Intern Med;155(6);2011;06/10/2011;27/10/2011;11/10/2011;
225;Lancet;9793;2011;21/09/2011;12/10/2011;06/10/2011;
224;Lancet;9792;2011;21/09/2011;12/10/2011;06/10/2011;
223;Lancet;9791;2011;21/09/2011;12/10/2011;06/10/2011;
222;BMJ;7821;2011;21/09/2011;12/10/2011;22/09/2011;
221;BMJ;7820;2011;21/09/2011;12/10/2011;22/09/2011;
220;BMJ;7819;2011;21/09/2011;12/10/2011;22/09/2011;
219;ZVX;13735;1987;14/09/2011;05/10/2011;19/10/2011;
218;HW;21651;2010;09/09/2011;30/09/2011;22/09/2011;
217;BCC;14977;1996;05/09/2011;26/09/2011;14/10/2011;
216;CB;22148;2011;02/09/2011;23/09/2011;18/10/2011;
215;IO;20877;2008;01/09/2011;22/09/2011;11/10/2011;
214;IO;21227;2009;01/09/2011;22/09/2011;14/11/2011;
213;AB;18402;2003;01/09/2011;22/09/2011;02/09/2011;
212;UWE;13870;1993;24/08/2011;14/09/2011;08/02/2012;
211;SO;22153;2011;12/08/2011;02/09/2011;25/09/2015;RAPPEL 18+25/9/2015
210;BA;22151;2010;12/08/2011;02/09/2011;25/09/2015;RAPPEL 18+25/9/2015
209;AB;18402;2003;11/08/2011;01/09/2011;12/08/2011;
205;BMJ;2011;7814;04/08/2011;25/08/2011;04/08/2011;
204;BMJ;2011;7813;04/08/2011;25/08/2011;04/08/2011;
203;bmj;2011;7812;04/08/2011;25/08/2011;04/08/2011;
202;BMJ;2011;7811;04/08/2011;25/08/2011;04/08/2011;
201;BMJ;2011;7810;04/08/2011;25/08/2011;04/08/2011;
200;BMJ;2011;7809;04/08/2011;25/08/2011;04/08/2011;
199;BMJ;2011;7808;04/08/2011;25/08/2011;04/08/2011;
207;BBZ;22144;1999;04/08/2011;25/08/2011;05/07/2012;
198;BMJ;7807;2011;03/08/2011;24/08/2011;04/08/2011;
197;BMJ;7806;2011;03/08/2011;24/08/2011;04/08/2011;
196;BMJ;7805;2011;03/08/2011;24/08/2011;04/08/2011;
195;BMJ;7804;2011;03/08/2011;24/08/2011;04/08/2011;
194;BMJ;7803;2011;03/08/2011;24/08/2011;04/08/2011;
192;UR;22137;2011;01/08/2011;22/08/2011;19/08/2011;
191;J;22129;2008;01/08/2011;22/08/2011;19/08/2011;+  CD!!
190;EB;22136;2010;01/08/2011;22/08/2011;19/08/2011;
193;BBW;22127;2010;01/08/2011;22/08/2011;19/08/2011;
189;RNA;10966;1983;27/07/2011;17/08/2011;26/08/2011;
188;RNA;21070;2008;27/07/2011;17/08/2011;26/08/2011;
184;SO;21978;2011;19/07/2011;09/08/2011;27/07/2011;
183;SO;21867;2011;19/07/2011;09/08/2011;27/07/2011;
182;SO;21999;2010;19/07/2011;09/08/2011;27/07/2011;
180;UTU;22072;2011;15/07/2011;05/08/2011;29/06/2012;
179;SO.2;18929;2003;13/07/2011;03/08/2011;09/07/2012;
178;SO.2;17992;2001;13/07/2011;03/08/2011;09/07/2012;
177;SO.2;19906;2006;13/07/2011;03/08/2011;09/07/2012;
176;IO;22123;2011;12/07/2011;02/08/2011;19/07/2011;
174;ZVB;18716;2003;08/07/2011;29/07/2011;04/08/2011;
175;B;19022;2002;08/07/2011;29/07/2011;04/08/2011;
173;HW.E;22122;2011;30/06/2011;21/07/2011;19/07/2011;
172;ss;22050;2011;16/06/2011;07/07/2011;05/07/2011;
171;HW;21651;2010;07/06/2011;28/06/2011;02/08/2011;
170;EB;2002;17397;07/06/2011;28/06/2011;02/08/2011;
167;UTU;22072;2011;06/06/2011;27/06/2011;19/07/2011;
168;UB;22066;2011;06/06/2011;27/06/2011;08/07/2011;
165;MH;17138;2001;23/05/2011;13/06/2011;10/06/2011;
164;MH;12261;1987;23/05/2011;13/06/2011;10/06/2011;
166;HW;22025;2011;23/05/2011;13/06/2011;01/09/2011;
161;Lancet;9776;2011;18/05/2011;08/06/2011;19/05/2011;
160;Lancet;9775;2011;18/05/2011;08/06/2011;19/05/2011;
159;Lancet;9773;2011;18/05/2011;08/06/2011;19/05/2011;
162;KPH;20887;2008;18/05/2011;08/06/2011;21/06/2011;
163;BBW;21975;2011;18/05/2011;08/06/2011;04/08/2011;
158;BJC;22021;2010;10/05/2011;31/05/2011;21/06/2011;
157;CBE;21986;2011;19/04/2011;10/05/2011;02/02/2012;
156;Lancet;9770;2011;13/04/2011;04/05/2011;14/04/2011;
155;Lancet;9769;2011;13/04/2011;04/05/2011;14/04/2011;
154;BMJ;7798;2011;13/04/2011;04/05/2011;14/04/2011;
153;BMJ;7797;2011;13/04/2011;04/05/2011;14/04/2011;
152;BJS;21975;2011;04/04/2011;25/04/2011;05/05/2011;
151;BJC;14231;1994;01/04/2011;22/04/2011;15/04/2011;
150;BJC;18403;2003;01/04/2011;22/04/2011;15/04/2011;
148;UX;21410;2009;29/03/2011;19/04/2011;05/05/2011;
141;SO;19983;2006;28/03/2011;18/04/2011;26/04/2011;Stagiaire
147;Int J Health Plann Mang;18 S1;2003;28/03/2011;18/04/2011;26/04/2011;
146;AnnuRep ITG;;2008;28/03/2011;18/04/2011;26/04/2011;
145;AnnuRep ITG;;2007;28/03/2011;18/04/2011;26/04/2011;
144;AnnuRep ITG;;2006;28/03/2011;18/04/2011;26/04/2011;
143;AnnuRep ITG;;2005;28/03/2011;18/04/2011;26/04/2011;
142;AnnRep ITG;;2004;28/03/2011;18/04/2011;26/04/2011;
139;LF.H;17678;2002;22/03/2011;12/04/2011;20/06/2011;
140;LF.E;20997;2008;22/03/2011;12/04/2011;20/06/2011;
138;LF;20802;2008;22/03/2011;12/04/2011;20/06/2011;
137;H;20753;2008;21/03/2011;11/04/2011;30/08/2011;
135;CBE;21925;2010;18/03/2011;08/04/2011;02/02/2012;
125;MK;21144;2009;14/03/2011;04/04/2011;06/05/2011;
123;Eos;3;2011;09/03/2011;30/03/2011;15/03/2011;
122;LQ;11484/1-2;1987;04/03/2011;25/03/2011;08/11/2011;
119;SU;21939;2010;24/02/2011;17/03/2011;31/01/2012;Bij terugkomst naar zaaltje nieuwe boeken!
118;J;21210;2009;24/02/2011;17/03/2011;04/04/2011;
114;UB;21398;2008;22/02/2011;15/03/2011;18/03/2011;
116;HI;21604;2007;22/02/2011;15/03/2011;26/04/2011;! Verlengd tot 5/4
117;H;19708;2006;22/02/2011;15/03/2011;26/04/2011;! Verlengd tot 5/4
111;zvb;15065;1996;18/02/2011;11/03/2011;18/11/2011;
110;zvb;18719;1994;18/02/2011;11/03/2011;18/11/2011;
112;zv;16024;1982;18/02/2011;11/03/2011;18/11/2011;
113;UI;21922;2011;18/02/2011;11/03/2011;09/10/2015;RAPPEL 18+25/9+2/10
109;KRC;21735;2010;16/02/2011;09/03/2011;24/04/2013;RAPPEL 3 23/4/13
108;HW;21469/1;2010;16/02/2011;09/03/2011;11/03/2011;
107;HW;21242;2010;16/02/2011;09/03/2011;11/03/2011;
103;ZB;21887;2010;11/02/2011;04/03/2011;29/06/2012;
106;LF;17626;2002;11/02/2011;04/03/2011;20/06/2011;Verlengd tot 13/4/2011
105;LF;18208;2002;11/02/2011;04/03/2011;20/06/2011;verlengd tot 13/4/2011
99;Soca;18317;2003;07/02/2011;28/02/2011;22/02/2011;
98;R;;2000;07/02/2011;28/02/2011;22/02/2011;Rapport sur la santé dans le monde 2000
102;LQ;17981;2002;07/02/2011;28/02/2011;28/06/2011;
101;LQ;17859;1999;07/02/2011;28/02/2011;28/06/2011;
100;LQ;10762;1985;07/02/2011;28/02/2011;28/06/2011;
97;MH;17138;2001;03/02/2011;24/02/2011;15/02/2011;
96;MH;12261;1987;03/02/2011;24/02/2011;15/02/2011;
94;RNA;20656;2005;31/01/2011;21/02/2011;18/02/2011;
88;UB;19788/1;2007;28/01/2011;18/02/2011;22/02/2011;
89;L.AL;20526;2007;28/01/2011;18/02/2011;18/02/2011;
92;JK.D;21443;2009;28/01/2011;18/02/2011;07/02/2011;
90;BI;15813;1998;28/01/2011;18/02/2011;18/02/2011;
87;JK;21864;2011;25/01/2011;15/02/2011;10/02/2011;
85;KRC.1;14165;1994;14/01/2011;04/02/2011;06/07/2011;
84;HW;21053;2008;14/01/2011;04/02/2011;11/03/2011;
83;HW;20859;2007;14/01/2011;04/02/2011;11/03/2011;
86;BBW;14680;1995;14/01/2011;04/02/2011;24/02/2011;
81;UI;18671;2004;12/01/2011;02/02/2011;29/02/2012;
80;UI;20823;2008;12/01/2011;02/02/2011;29/02/2012;
79;UI;17078;1999;12/01/2011;02/02/2011;;VERLOREN
78;UI;14686;1996;12/01/2011;02/02/2011;29/02/2012;
77;UI;15314;1995;12/01/2011;02/02/2011;29/02/2012;
76;UI;19903;2006;12/01/2011;02/02/2011;09/10/2015;RAPPEL 18+25/9+2/10
75;UOR;21847;2010;11/01/2011;01/02/2011;11/02/2011;
74;H;20665;2008;10/01/2011;31/01/2011;04/03/2011;
73;H;19671;2006;10/01/2011;31/01/2011;04/03/2011;
54;LF.R;21592;2010;05/01/2011;26/01/2011;07/01/2010;
55;LF.D;11754;1988;05/01/2011;26/01/2011;11/01/2011;
59;ZJ;17408;1998;04/01/2011;26/01/2011;26/07/2011;
58;SS;21821;2010;13/12/2010;26/01/2011;29/06/2012;GERAPPELEERD
57;SOCA;18317;2003;08/12/2010;26/01/2011;24/01/2011;
56;R;World Health Report;2000;08/12/2010;26/01/2011;24/01/2011;
70;UI;18944;0;01/12/2010;26/01/2011;29/02/2012;RAPPEL 2
46;KRC;21735;2010;19/11/2010;26/01/2011;16/02/2011;
39;UTU.D;14568;1994;12/11/2010;26/01/2011;02/07/2012;RAPPEL 2
53;LQ;15783;1996;10/11/2010;26/01/2011;28/06/2011;
52;UTU;21800;2010;29/10/2010;26/01/2011;02/07/2012;GERAPPELEERD
31;ZVB;19362;2005;20/10/2010;26/01/2011;;VERLOREN
30;ZVB;18720;2000;20/10/2010;26/01/2011;;VERLOREN
29;ZVB;20874;2008;20/10/2010;26/01/2011;;VERLOREN
28;ZVB;21306;2009;20/10/2010;26/01/2011;;VERLOREN
36;SO;14564;1994;20/10/2010;26/01/2011;30/10/2015;RAPPEL 18+25/9+2/10
38;MQC;14265;1993;20/10/2010;26/01/2011;18/04/2012;RAPPEL 2
40;JC.R;21632;2010;20/10/2010;26/01/2011;29/02/2012;RAPPEL 2
34;BJC;13230;1991;20/10/2010;26/01/2011;31/07/2012;
33;BJC;17143;2000;20/10/2010;26/01/2011;31/07/2012;
51;AN.155;1162;1945;12/10/2010;26/01/2011;24/09/2015;Rappel 18/09/2015
50;LQ;15784;1996;06/10/2010;26/01/2011;07/02/2011;
49;ZVB;19039;2005;29/09/2010;26/01/2011;09/03/2011;
48;ZVB;18717;1993;29/09/2010;26/01/2011;09/03/2011;
47;ZVB;18721;2001;29/09/2010;26/01/2011;09/03/2011;
42;LF.J;19421;2005;25/09/2010;26/01/2011;12/05/2011;
41;LF.J;18567;2004;25/09/2010;26/01/2011;12/05/2011;
45;LF.H;19631;2005;25/09/2010;26/01/2011;12/05/2011;
43;LF.H;17799;2002;25/09/2010;26/01/2011;12/05/2011;
44;DZ;14635;1994;25/09/2010;26/01/2011;12/05/2011;
20;SO.1;21350;2008;21/04/2010;26/01/2011;25/09/2015;RAPPEL 18+25/9/2015
22;LQ;20844;2008;21/04/2010;26/01/2011;08/06/2023;
27;BJT;17402;2001;21/04/2010;26/01/2011;;VERLOREN
26;BJT;20896;2008;21/04/2010;26/01/2011;;VERLOREN
25;BBM;14470;1995;21/04/2010;26/01/2011;;VERLOREN
24;BBM;14986;1995;21/04/2010;26/01/2011;;VERLOREN
23;BBM;18389;2002;21/04/2010;26/01/2011;;VERLOREN
21;UB;13598;1993;31/03/2010;26/01/2011;29/02/2012;
18;Infect Dis Clin;"22; 2 + 3";2008;21/03/2010;26/01/2011;06/01/2011;
